user_id,signup_date,domain,org_size
208faa8b,2025-01-29,coleman.com,SMB
df6431c9,2025-01-12,gmail.com,SMB
541bcf25,2025-01-08,gmail.com,SMB
c339c05e,2025-01-17,harris.com,SMB
e8c4f5b5,2025-01-06,hotmail.com,SMB
563e981a,2025-01-09,hotmail.com,Mid-Market
93e3006f,2025-01-22,gmail.com,SMB
95fef1fa,2025-01-04,collins.info,Enterprise
e50ea958,2025-01-13,hotmail.com,SMB
ee26ec1b,2025-01-27,hotmail.com,Enterprise
05c21e90,2025-01-23,johnson.com,Mid-Market
9c272e06,2025-01-14,gmail.com,SMB
90940e99,2025-01-25,yahoo.com,SMB
2a4a59ae,2025-01-26,yahoo.com,SMB
96d475d3,2025-01-02,gmail.com,SMB
7065446e,2025-01-15,hotmail.com,SMB
0281f94d,2025-01-15,reeves.com,SMB
afdb4860,2025-01-13,gmail.com,SMB
bc1338e3,2025-01-16,hotmail.com,SMB
789cd5d1,2025-01-13,yahoo.com,Mid-Market
9c1a0b21,2025-01-13,gmail.com,SMB
9ced7deb,2025-01-25,hotmail.com,SMB
16b03824,2025-01-24,hotmail.com,Mid-Market
58535024,2025-01-21,gmail.com,Mid-Market
9c3c04c9,2025-01-04,hotmail.com,SMB
6d760d88,2025-01-02,gmail.com,Enterprise
97441de0,2025-01-17,yahoo.com,Mid-Market
ad3377d5,2025-01-21,greene.biz,Mid-Market
8e014dbe,2025-01-03,gmail.com,Mid-Market
cda67b81,2025-01-10,yahoo.com,Enterprise
5e6f87ae,2025-01-16,hotmail.com,SMB
5666d6dd,2025-01-25,fuller-marshall.net,SMB
12cfa219,2025-01-22,hotmail.com,SMB
030203ed,2025-01-30,yahoo.com,SMB
b4909100,2025-01-07,yahoo.com,Mid-Market
892a1eff,2025-01-19,hotmail.com,SMB
1f423013,2025-01-04,williams-arnold.com,SMB
b3969e04,2025-01-17,hotmail.com,SMB
82d58c9b,2025-01-08,gmail.com,SMB
bec227d3,2025-01-13,hotmail.com,Enterprise
979deca5,2025-01-28,yahoo.com,Enterprise
3f796f9f,2025-01-24,hotmail.com,SMB
18dd416f,2025-01-23,hotmail.com,Mid-Market
f0540575,2025-01-25,yahoo.com,SMB
4f7e1434,2025-01-06,gmail.com,SMB
9d1cab17,2025-01-09,hotmail.com,Mid-Market
5453d994,2025-01-21,yahoo.com,Mid-Market
ffa2bd4a,2025-01-12,yahoo.com,SMB
acd55ba8,2025-01-03,galloway.net,SMB
4d99a711,2025-01-22,yahoo.com,SMB
b16dc37e,2025-01-28,hotmail.com,Mid-Market
365b039f,2025-01-10,gmail.com,SMB
5c573f4d,2025-01-28,gmail.com,SMB
ff203d52,2025-01-27,yahoo.com,SMB
878de0d6,2025-01-20,yahoo.com,SMB
f3ee29d5,2025-01-19,yahoo.com,Enterprise
003c2e1c,2025-01-17,hotmail.com,Mid-Market
95071c42,2025-01-25,gmail.com,Mid-Market
9166d9b8,2025-01-26,fuller.com,SMB
384817d3,2025-01-30,gmail.com,Mid-Market
d1703b1c,2025-01-16,yahoo.com,Mid-Market
c415baaf,2025-01-03,hotmail.com,SMB
db87c178,2025-01-06,yahoo.com,SMB
0bde3935,2025-01-28,gmail.com,SMB
1b59b3ff,2025-01-03,yahoo.com,SMB
d343b924,2025-01-17,yahoo.com,Mid-Market
4ea99eec,2025-01-04,hotmail.com,SMB
c0a1f6db,2025-01-17,gmail.com,SMB
5cc52109,2025-01-01,yahoo.com,SMB
3c64b914,2025-01-10,gmail.com,SMB
2d2c06a9,2025-01-29,yahoo.com,SMB
0c52bde4,2025-01-14,yahoo.com,SMB
6bd84b88,2025-01-17,harper-cobb.com,SMB
79fee4fa,2025-01-25,yahoo.com,SMB
8e0e1bf0,2025-01-12,gmail.com,Enterprise
79bf4b76,2025-01-06,yahoo.com,SMB
1175359e,2025-01-07,gmail.com,SMB
204a78af,2025-01-14,hotmail.com,Mid-Market
90036a06,2025-01-28,gmail.com,SMB
9f45e305,2025-01-23,hotmail.com,SMB
17e88467,2025-01-23,yahoo.com,SMB
4dcc6246,2025-01-03,gmail.com,Mid-Market
5d99dd66,2025-01-14,hotmail.com,SMB
d93f33fb,2025-01-13,gmail.com,Mid-Market
036455aa,2025-01-22,hotmail.com,SMB
b457f8e5,2025-01-01,yahoo.com,SMB
35524ca6,2025-01-25,flores-wade.org,Mid-Market
570a4568,2025-01-06,moore.info,SMB
fc666829,2025-01-11,peters.biz,SMB
2d22e66d,2025-01-01,yahoo.com,SMB
adcb3e21,2025-01-16,evans-weber.com,SMB
33a7f0b4,2025-01-18,evans.com,Mid-Market
12a8b1c8,2025-01-15,hotmail.com,SMB
086e1c78,2025-01-03,hotmail.com,Mid-Market
619dd7db,2025-01-14,jenkins.com,SMB
8b758522,2025-01-08,raymond-hawkins.com,SMB
235c4450,2025-01-07,cook.com,SMB
301182c5,2025-01-22,hotmail.com,SMB
bb36349d,2025-01-23,hotmail.com,SMB
6b059677,2025-01-01,hotmail.com,SMB
1a581cb8,2025-01-03,gmail.com,Enterprise
78da899e,2025-01-29,yahoo.com,SMB
61fb70dd,2025-01-16,yahoo.com,SMB
15cf44dd,2025-01-01,yahoo.com,SMB
223058d1,2025-01-03,gmail.com,Enterprise
2e0adefc,2025-01-07,brown.com,Enterprise
424b60a9,2025-01-02,gmail.com,Mid-Market
e4733445,2025-01-29,hotmail.com,SMB
4eced2d6,2025-01-25,hotmail.com,SMB
9ab74a99,2025-01-22,hotmail.com,Mid-Market
ba15c253,2025-01-14,gmail.com,SMB
f981f64c,2025-01-27,hotmail.com,SMB
00b3db7e,2025-01-07,hotmail.com,SMB
4b98090c,2025-01-22,gmail.com,Mid-Market
37f1747c,2025-01-07,hotmail.com,SMB
072a1e07,2025-01-10,yahoo.com,SMB
ba955b26,2025-01-23,yahoo.com,SMB
82dccc0d,2025-01-12,hotmail.com,Mid-Market
f57e4ec8,2025-01-29,gmail.com,SMB
2d6e11b3,2025-01-18,yahoo.com,SMB
11786d2d,2025-01-14,hotmail.com,Mid-Market
4e1c363e,2025-01-17,yahoo.com,SMB
2712d325,2025-01-14,gmail.com,SMB
52915938,2025-01-21,gmail.com,Mid-Market
6dfaca99,2025-01-21,yahoo.com,Mid-Market
b9b95777,2025-01-21,hotmail.com,Mid-Market
5f326573,2025-01-21,hotmail.com,SMB
0fb55ee7,2025-01-12,yahoo.com,SMB
e3c879e6,2025-01-19,yahoo.com,SMB
e6b602dd,2025-01-01,yahoo.com,Mid-Market
2ed352a4,2025-01-16,hotmail.com,SMB
b22ef81f,2025-01-26,gmail.com,SMB
202cb966,2025-01-09,gmail.com,SMB
c1f41a1f,2025-01-01,jones.com,Mid-Market
0da7d1e4,2025-01-02,moon.com,Mid-Market
a2768da9,2025-01-01,long.com,SMB
a0416ae7,2025-01-12,torres.com,SMB
22307953,2025-01-09,gmail.com,Mid-Market
0801e231,2025-01-22,daniels.com,SMB
a1442b4d,2025-01-03,gmail.com,SMB
99e13577,2025-01-09,allen.com,SMB
c90d54d5,2025-01-04,hotmail.com,Mid-Market
4274ab4f,2025-01-08,burch.com,SMB
2f3ec234,2025-01-18,gamble.com,Mid-Market
199f6cab,2025-01-25,hotmail.com,SMB
4821ba8a,2025-01-17,price.net,Enterprise
ff963173,2025-01-19,yahoo.com,SMB
33ee7355,2025-01-10,gmail.com,SMB
5bcdc503,2025-01-11,gmail.com,Mid-Market
a62fa681,2025-01-15,gmail.com,SMB
dfe50617,2025-01-24,hotmail.com,SMB
45f7549b,2025-01-23,yahoo.com,Mid-Market
2dac852f,2025-01-23,yahoo.com,SMB
724c438d,2025-01-21,yahoo.com,SMB
f3bb64c5,2025-01-04,yahoo.com,SMB
2cb92276,2025-01-02,hotmail.com,SMB
253d2414,2025-01-01,hotmail.com,SMB
531f556d,2025-01-20,combs.com,SMB
d2a128b7,2025-01-22,crosby.com,Mid-Market
8c2f97ca,2025-01-01,hotmail.com,Mid-Market
c92789a6,2025-01-24,gmail.com,Mid-Market
433ffe38,2025-01-05,hotmail.com,SMB
a461068c,2025-01-25,hotmail.com,SMB
a174e96e,2025-01-22,hotmail.com,SMB
69e0b951,2025-01-18,gmail.com,SMB
0e09f5d5,2025-01-02,hotmail.com,SMB
900f5133,2025-01-11,yahoo.com,Mid-Market
06d034e2,2025-01-17,johnson.biz,SMB
4b773ac5,2025-01-19,hotmail.com,SMB
d7c811c0,2025-01-29,bailey-ho.com,SMB
71ec7354,2025-01-05,ho.com,SMB
f75be968,2025-01-29,hotmail.com,SMB
a4f117df,2025-01-16,yahoo.com,SMB
b369b22a,2025-01-29,yahoo.com,Enterprise
6d2b4e10,2025-01-24,gmail.com,SMB
5e08d303,2025-01-07,gmail.com,Enterprise
59c3f529,2025-01-19,yahoo.com,Mid-Market
1a9a3057,2025-01-20,gmail.com,SMB
449e9419,2025-01-03,hotmail.com,SMB
b993b814,2025-01-03,hotmail.com,SMB
4591df09,2025-01-20,mckinney.info,SMB
8fc44f0c,2025-01-17,gmail.com,SMB
33c3c379,2025-01-28,yahoo.com,Mid-Market
138ad2ae,2025-01-15,gmail.com,SMB
81e9611d,2025-01-01,martinez.com,SMB
46f49d64,2025-01-19,hotmail.com,Mid-Market
ddafa03c,2025-01-18,taylor.com,Mid-Market
7f6bf137,2025-01-28,hotmail.com,Mid-Market
60efc916,2025-01-21,fletcher.com,Mid-Market
a216b51b,2025-01-21,yahoo.com,SMB
0686594f,2025-01-22,gmail.com,SMB
14c168fc,2025-01-11,gmail.com,SMB
7a7ba017,2025-01-17,hotmail.com,Mid-Market
f7348843,2025-01-28,hotmail.com,SMB
3ada3fa0,2025-01-10,yahoo.com,SMB
26cf023f,2025-01-07,galvan-greer.com,SMB
12b6c03e,2025-01-22,gmail.com,SMB
028882b5,2025-01-05,yahoo.com,Mid-Market
3614e559,2025-01-29,yahoo.com,SMB
28203f0f,2025-01-08,yahoo.com,SMB
442cf2af,2025-01-05,yahoo.com,SMB
55106972,2025-01-06,hotmail.com,SMB
2e11ae36,2025-01-01,hotmail.com,SMB
8f77520b,2025-01-23,gmail.com,Mid-Market
3fa8143d,2025-01-18,gmail.com,SMB
b82f1333,2025-01-15,gmail.com,SMB
da37313c,2025-01-19,gmail.com,SMB
6b0a3b47,2025-01-05,yahoo.com,SMB
1f80d4e7,2025-01-15,hotmail.com,SMB
3a9bbfda,2025-01-03,hotmail.com,Mid-Market
3cff743c,2025-01-19,yahoo.com,Mid-Market
2c0b98b2,2025-01-27,yahoo.com,SMB
97e36157,2025-01-15,west.com,Mid-Market
2fb2e8ab,2025-01-05,hotmail.com,SMB
be78c72d,2025-01-16,gmail.com,Enterprise
c1b42e78,2025-01-04,gmail.com,SMB
1c5393c1,2025-01-01,yahoo.com,SMB
da9fca3d,2025-01-17,yahoo.com,SMB
6a626603,2025-01-21,yahoo.com,Mid-Market
203318d2,2025-01-21,yahoo.com,Mid-Market
2c57b921,2025-01-19,yahoo.com,SMB
78ff3f84,2025-01-13,yahoo.com,Mid-Market
2349c9ab,2025-01-17,gmail.com,Mid-Market
ea8be435,2025-01-25,yahoo.com,Enterprise
2d711ef0,2025-01-23,gmail.com,SMB
c65d8775,2025-01-30,yahoo.com,Mid-Market
bd24101b,2025-01-25,hotmail.com,Mid-Market
e7b2f4ca,2025-01-30,gmail.com,Mid-Market
622de238,2025-01-02,hotmail.com,Mid-Market
60a45ff3,2025-01-13,hotmail.com,Mid-Market
c2024846,2025-01-30,martin.net,Mid-Market
a5985f9d,2025-01-01,gmail.com,SMB
04408355,2025-01-28,yahoo.com,Mid-Market
90b0256a,2025-01-28,cortez.org,SMB
2d531e37,2025-01-22,hampton.com,Mid-Market
f4619391,2025-01-08,gmail.com,SMB
8a26d4aa,2025-01-02,hotmail.com,SMB
371d74d2,2025-01-09,hotmail.com,SMB
0a4b3e5e,2025-01-25,yahoo.com,SMB
166f7ad2,2025-01-20,yahoo.com,Mid-Market
c3664161,2025-01-11,smith.com,SMB
c978fcf3,2025-01-08,gmail.com,SMB
3ea2716a,2025-01-26,ward.com,SMB
27e39257,2025-01-26,yahoo.com,Mid-Market
341b586e,2025-01-21,yahoo.com,SMB
a7465fac,2025-01-05,hotmail.com,SMB
cf5b3e2d,2025-01-23,yahoo.com,SMB
6b085792,2025-01-20,gmail.com,Enterprise
a4d29044,2025-01-06,yahoo.com,SMB
606c14c8,2025-01-04,yahoo.com,SMB
270aa928,2025-01-07,orozco.org,Enterprise
71d80975,2025-01-02,gmail.com,SMB
684117bb,2025-01-02,hotmail.com,Mid-Market
b341a801,2025-01-17,hotmail.com,Mid-Market
294f12b9,2025-01-04,hotmail.com,SMB
141f44d4,2025-01-17,hotmail.com,SMB
d597ad90,2025-01-24,gmail.com,SMB
61a5283c,2025-01-03,gmail.com,SMB
dc359922,2025-01-17,gmail.com,Mid-Market
e746e85a,2025-01-26,yahoo.com,Mid-Market
724085e3,2025-01-22,yahoo.com,Mid-Market
9a3df4b9,2025-01-13,yahoo.com,SMB
cf8f6d6d,2025-01-23,hall.com,SMB
ee111ea8,2025-01-28,yahoo.com,SMB
809d1901,2025-01-21,hotmail.com,Mid-Market
b05fee94,2025-01-20,yahoo.com,SMB
963dbbb2,2025-01-13,gmail.com,SMB
d9fe3e93,2025-01-26,smith.org,Mid-Market
7956b072,2025-01-09,gmail.com,SMB
90b52598,2025-01-13,gray.com,SMB
679dba82,2025-01-21,yahoo.com,SMB
39da3d88,2025-01-14,yahoo.com,Mid-Market
3024cc83,2025-01-04,hotmail.com,SMB
c67a038b,2025-01-02,yahoo.com,Enterprise
e3306633,2025-01-03,hotmail.com,Mid-Market
582f8b05,2025-01-14,trevino.com,Mid-Market
6cc87806,2025-01-23,sullivan-lamb.net,Enterprise
7727cde5,2025-01-25,torres.com,SMB
37248619,2025-01-17,yahoo.com,SMB
35f84262,2025-01-02,yahoo.com,SMB
9832a85d,2025-01-20,hotmail.com,Mid-Market
239a1744,2025-01-14,gmail.com,SMB
36c84d76,2025-01-27,hotmail.com,SMB
4ff29142,2025-01-06,george.net,Mid-Market
783ae4b3,2025-01-29,gmail.com,SMB
cb016257,2025-01-18,gmail.com,SMB
55d5c1a7,2025-01-17,hotmail.com,Mid-Market
60bbda21,2025-01-15,yahoo.com,Mid-Market
b9fe1223,2025-01-20,yahoo.com,SMB
0515b750,2025-01-02,gmail.com,SMB
baf5910d,2025-01-04,miller-nunez.com,Mid-Market
dc27a5f2,2025-01-25,hotmail.com,Enterprise
2ed44344,2025-01-11,gmail.com,Enterprise
4f23653b,2025-01-14,yahoo.com,SMB
18bae932,2025-01-16,hotmail.com,Mid-Market
10a1fba9,2025-01-25,gmail.com,Enterprise
92db6372,2025-01-17,hotmail.com,Enterprise
5871ba0a,2025-01-20,gmail.com,SMB
899c8540,2025-01-04,alvarez-jackson.com,SMB
877b4786,2025-01-03,hotmail.com,Mid-Market
2302f152,2025-01-01,mendoza.com,SMB
32888d73,2025-01-03,hotmail.com,SMB
7f820a65,2025-01-04,yahoo.com,SMB
1811d81d,2025-01-19,dean.com,SMB
c664becf,2025-01-25,yahoo.com,SMB
4731fbf3,2025-01-01,gmail.com,SMB
085a478c,2025-01-27,hotmail.com,Mid-Market
cbc35fe8,2025-01-10,hotmail.com,SMB
a1e12fbb,2025-01-16,hotmail.com,Mid-Market
1110d145,2025-01-07,yahoo.com,SMB
888c5fb9,2025-01-29,conley.org,Mid-Market
ef65bb2c,2025-01-28,yahoo.com,Mid-Market
9875391e,2025-01-15,hotmail.com,SMB
4cf0c0a9,2025-01-27,hotmail.com,Mid-Market
9362b0db,2025-01-26,yahoo.com,SMB
e56deead,2025-01-24,norris-allen.com,SMB
86295aa2,2025-01-22,baker.com,Enterprise
94322121,2025-01-26,perry.com,SMB
9702126c,2025-01-20,yahoo.com,SMB
f80f6255,2025-01-04,gmail.com,SMB
f16ce3ec,2025-01-24,yahoo.com,Mid-Market
199a1269,2025-01-22,hotmail.com,Mid-Market
61ecf547,2025-01-06,phelps.biz,SMB
87801f8a,2025-01-10,gmail.com,Mid-Market
d5ff143d,2025-01-01,hotmail.com,Mid-Market
9fe17c43,2025-01-26,yahoo.com,Enterprise
9198919d,2025-01-10,yahoo.com,SMB
0ac7b89c,2025-01-14,yahoo.com,SMB
0ae7f213,2025-01-03,hotmail.com,SMB
4e9dc06c,2025-01-24,gmail.com,Mid-Market
0bd4dc3e,2025-01-06,hotmail.com,Enterprise
f27aaee1,2025-01-05,gmail.com,Mid-Market
bc312a64,2025-01-02,hotmail.com,SMB
8e97331b,2025-01-17,gmail.com,Mid-Market
8eae7580,2025-01-14,hotmail.com,Mid-Market
5b9d839a,2025-01-18,gmail.com,SMB
327d30da,2025-01-02,hotmail.com,SMB
8cdfc968,2025-01-05,green-smith.com,SMB
d1998ec4,2025-01-08,hotmail.com,Mid-Market
3fc56454,2025-01-29,yahoo.com,Mid-Market
21048283,2025-01-01,hotmail.com,SMB
324df46c,2025-01-20,hotmail.com,Mid-Market
88292fe6,2025-01-30,cook.info,Enterprise
cfe8d907,2025-01-23,gmail.com,Enterprise
d9cfa8a6,2025-01-05,hotmail.com,SMB
e2baa967,2025-01-16,yahoo.com,Mid-Market
c862d3da,2025-01-02,gmail.com,SMB
79f0eeb5,2025-01-30,jacobson.info,SMB
5f59a246,2025-01-17,gmail.com,Mid-Market
652a6ba3,2025-01-20,yahoo.com,SMB
ed788c8f,2025-01-07,turner.com,SMB
34268a48,2025-01-16,hotmail.com,SMB
10003c6f,2025-01-21,bowman.com,Mid-Market
a7e3492d,2025-01-20,yahoo.com,Mid-Market
b7d2f345,2025-01-24,gmail.com,SMB
95154a88,2025-01-09,soto-day.com,SMB
0555f19a,2025-01-02,gmail.com,SMB
4d296f93,2025-01-01,gmail.com,Mid-Market
818a3d55,2025-01-12,gmail.com,SMB
a10d2916,2025-01-01,gmail.com,Mid-Market
91d0b9e6,2025-01-18,gmail.com,SMB
69616ff2,2025-01-01,yahoo.com,Mid-Market
cf105010,2025-01-07,gmail.com,SMB
a08490e4,2025-01-12,hotmail.com,SMB
cd84364d,2025-01-23,yahoo.com,SMB
dda63f50,2025-01-03,yahoo.com,SMB
a5b66121,2025-01-27,gmail.com,Mid-Market
30c1d8e1,2025-01-02,hotmail.com,Mid-Market
4a238b38,2025-01-28,gmail.com,Mid-Market
ac485c22,2025-01-25,casey.com,SMB
ba42d49a,2025-01-10,gmail.com,SMB
ac6d5c4c,2025-01-30,yahoo.com,SMB
390ed57f,2025-01-11,mendoza.net,Mid-Market
fca58fc8,2025-01-19,vincent.com,SMB
5f300faf,2025-01-12,hotmail.com,Mid-Market
4de3e9cd,2025-01-18,gmail.com,SMB
0ea892db,2025-01-23,gmail.com,SMB
a89f72e1,2025-01-29,gmail.com,SMB
ec323d83,2025-01-15,silva.com,SMB
30dbc890,2025-01-06,gmail.com,Mid-Market
90882f42,2025-01-18,fleming.com,Enterprise
5183aefa,2025-01-16,yahoo.com,SMB
4a8a7b0c,2025-01-05,yahoo.com,Mid-Market
d1c86758,2025-01-03,yahoo.com,SMB
ac2758a7,2025-01-10,smith.com,Mid-Market
425d2229,2025-01-01,hotmail.com,SMB
2166def0,2025-01-05,patel.com,SMB
955ee948,2025-01-10,gmail.com,SMB
a446a21d,2025-01-08,gmail.com,SMB
5d42afc5,2025-01-12,gmail.com,SMB
b64012d7,2025-01-09,yahoo.com,Mid-Market
01214cc7,2025-01-03,leonard-baker.org,Mid-Market
232af3f4,2025-01-28,yahoo.com,Mid-Market
61d8f3dc,2025-01-10,hotmail.com,SMB
02b2beb3,2025-01-16,gmail.com,SMB
786442e5,2025-01-21,johnson.net,Mid-Market
7c9f97bd,2025-01-04,gmail.com,SMB
f3c4fc00,2025-01-12,johnson-williams.com,SMB
77ea6c1c,2025-01-29,yahoo.com,SMB
7287c425,2025-01-12,gmail.com,Mid-Market
8fff0181,2025-01-22,gmail.com,SMB
c425ef61,2025-01-10,yahoo.com,SMB
1ca719f8,2025-01-21,gmail.com,Mid-Market
239e6adb,2025-01-26,gmail.com,Mid-Market
5b8ba452,2025-01-16,gmail.com,Enterprise
306fa23d,2025-01-06,gmail.com,SMB
e38e9d3e,2025-01-19,yahoo.com,Mid-Market
c66b07b5,2025-01-11,smith-dodson.com,SMB
9b1bf8a0,2025-01-11,gmail.com,Mid-Market
41aecca4,2025-01-07,williams-velasquez.biz,SMB
3f7dae4a,2025-01-17,yahoo.com,SMB
d7832fff,2025-01-28,hotmail.com,SMB
a24abb17,2025-01-23,gmail.com,Mid-Market
143f1f9a,2025-01-03,yahoo.com,SMB
2ad9ad48,2025-01-03,yahoo.com,Mid-Market
0b2a6ba5,2025-01-25,hotmail.com,Enterprise
8c7ab0c3,2025-01-16,hotmail.com,Enterprise
0edb25eb,2025-01-07,hotmail.com,SMB
f2ee4b7e,2025-01-16,whitaker.net,SMB
cfc8c632,2025-01-12,yahoo.com,SMB
d539d75f,2025-01-03,yahoo.com,Mid-Market
cedbc086,2025-01-23,gmail.com,Mid-Market
5026f247,2025-01-28,yahoo.com,Mid-Market
8b291ab3,2025-01-19,yahoo.com,Mid-Market
f4d6c1b2,2025-01-17,gmail.com,SMB
3c518f4c,2025-01-17,yahoo.com,Mid-Market
75db307d,2025-01-25,hart-parsons.info,Enterprise
8df2a3af,2025-01-19,hotmail.com,Mid-Market
dae3508f,2025-01-24,yahoo.com,Mid-Market
8f020ae3,2025-01-16,hotmail.com,SMB
c4d09b8d,2025-01-08,yahoo.com,SMB
32f54e05,2025-01-24,gmail.com,SMB
e059630d,2025-01-03,hotmail.com,SMB
bc4e3af8,2025-01-24,yahoo.com,SMB
3e1005b2,2025-01-03,yahoo.com,SMB
d0a94e8e,2025-01-21,yahoo.com,Mid-Market
583d0de3,2025-01-28,yahoo.com,SMB
7ede7540,2025-01-24,yahoo.com,Enterprise
db856fe2,2025-01-19,hotmail.com,SMB
2a60eaf5,2025-01-09,gmail.com,SMB
7d27272e,2025-01-04,hotmail.com,SMB
86ed9a36,2025-01-04,hotmail.com,Mid-Market
8644f7eb,2025-01-15,gmail.com,Enterprise
32aef9df,2025-01-16,yahoo.com,SMB
5cd0eacc,2025-01-14,yahoo.com,SMB
9fd904c0,2025-01-09,yahoo.com,SMB
e5cb3111,2025-01-25,yahoo.com,Mid-Market
63a6ddd9,2025-01-20,hotmail.com,SMB
97996f47,2025-01-12,hotmail.com,Enterprise
5b051158,2025-01-03,yahoo.com,Enterprise
a22c42f0,2025-01-03,hotmail.com,SMB
aee5d0d6,2025-01-29,gmail.com,SMB
1ec5d776,2025-01-11,hotmail.com,Enterprise
b2c23aff,2025-01-16,hotmail.com,Mid-Market
e9d32f74,2025-01-02,yahoo.com,Mid-Market
0baefb47,2025-01-27,shaw-robinson.info,SMB
248d67e6,2025-01-19,yahoo.com,Mid-Market
75c4eccd,2025-01-28,gmail.com,SMB
067b8201,2025-01-17,evans.info,SMB
a89da63f,2025-01-10,yahoo.com,Enterprise
0cc113c4,2025-01-23,ramos-shaw.com,SMB
5d8ec3dc,2025-01-04,yahoo.com,Mid-Market
a898e170,2025-01-12,yahoo.com,SMB
d2769d85,2025-01-06,hotmail.com,SMB
b9ea71a9,2025-01-03,patel.com,SMB
3b0dbe2d,2025-01-13,gmail.com,SMB
8fa7e016,2025-01-12,gmail.com,Enterprise
723814ce,2025-01-25,gmail.com,Mid-Market
ad0e8923,2025-01-16,gmail.com,Mid-Market
9b2f6240,2025-01-15,hotmail.com,Mid-Market
6dd66a5d,2025-01-25,hotmail.com,Mid-Market
e684edd9,2025-01-07,yahoo.com,SMB
1cc689ea,2025-01-27,gmail.com,SMB
788f6807,2025-01-09,hotmail.com,SMB
5b7aa835,2025-01-17,hotmail.com,SMB
7568a75c,2025-01-12,hotmail.com,Mid-Market
3efc9616,2025-01-16,hotmail.com,Mid-Market
f222fde6,2025-01-20,yahoo.com,Mid-Market
a8850998,2025-01-30,martinez.com,SMB
8d4460c3,2025-01-16,yahoo.com,SMB
5e9e0c05,2025-01-04,parker.net,SMB
ad55c641,2025-01-14,hotmail.com,Mid-Market
60a2d2af,2025-01-09,brown.org,Mid-Market
4b0cbf0c,2025-01-03,gmail.com,Mid-Market
38f511db,2025-01-07,yahoo.com,Enterprise
83ff30f5,2025-01-06,wood.org,SMB
c4b12fe1,2025-01-12,hotmail.com,Enterprise
8776dc16,2025-01-13,barnes.com,Enterprise
b28685d9,2025-01-30,yahoo.com,SMB
f3d0a149,2025-01-05,hotmail.com,SMB
53d8b963,2025-01-19,stephenson-baker.com,SMB
75711b8b,2025-01-11,wilson.com,SMB
ca232cd7,2025-01-26,yahoo.com,SMB
496447be,2025-01-12,hotmail.com,Mid-Market
832b7269,2025-01-06,gmail.com,Mid-Market
9e25e01d,2025-01-13,solis.com,SMB
6ce523ce,2025-01-17,day.info,SMB
09fac1bc,2025-01-05,gmail.com,SMB
5325de2f,2025-01-04,hotmail.com,SMB
526ecbbf,2025-01-18,peterson.com,SMB
0ad99e1b,2025-01-03,hotmail.com,SMB
839d09a4,2025-01-27,hotmail.com,SMB
a82f229b,2025-01-04,hotmail.com,SMB
c4fa969e,2025-01-04,fitzgerald.com,SMB
27ea38f0,2025-01-27,hotmail.com,Mid-Market
cfae948c,2025-01-24,yahoo.com,SMB
1a92b04e,2025-01-07,hernandez.org,SMB
4da78915,2025-01-03,kim.info,SMB
681cf96c,2025-01-05,gmail.com,Mid-Market
1e2de8fc,2025-01-23,yahoo.com,SMB
0d84b8aa,2025-01-01,gmail.com,Mid-Market
6802d0b0,2025-01-12,perez.com,Mid-Market
9cfe6b15,2025-01-05,coleman.com,SMB
bbdc6227,2025-01-27,gmail.com,SMB
57e506ae,2025-01-25,gmail.com,Mid-Market
ccbac79b,2025-01-06,yahoo.com,SMB
12f93b9c,2025-01-22,browning.com,Enterprise
75c91995,2025-01-17,gmail.com,SMB
c11a298c,2025-01-10,yahoo.com,Mid-Market
93d96923,2025-01-14,hill.biz,Mid-Market
1c3f26aa,2025-01-27,gmail.com,SMB
13c54267,2025-01-11,kline-murphy.com,Mid-Market
8e14f073,2025-01-16,gmail.com,Mid-Market
6eab8523,2025-01-28,brown.com,SMB
b86f44c8,2025-01-02,hotmail.com,SMB
be9dc7b8,2025-01-08,hotmail.com,Mid-Market
3c69e6cb,2025-01-25,west.info,SMB
1886403d,2025-01-24,gmail.com,Mid-Market
0b84bb24,2025-01-26,yahoo.com,SMB
47702047,2025-01-16,williams.biz,SMB
a61825a4,2025-01-01,gmail.com,Enterprise
0d7af33f,2025-01-28,ochoa.biz,Mid-Market
0212338a,2025-01-29,gmail.com,Mid-Market
89ff2179,2025-01-04,gmail.com,SMB
2b472454,2025-01-11,gmail.com,SMB
654f01a6,2025-01-27,gmail.com,SMB
c558e669,2025-01-28,yahoo.com,Mid-Market
058e6c7e,2025-01-22,hotmail.com,Mid-Market
77c056b0,2025-01-02,gmail.com,Enterprise
a4fa0b37,2025-01-18,gmail.com,SMB
2315dec4,2025-01-12,yahoo.com,Mid-Market
526af85e,2025-01-28,patterson.info,SMB
c7692152,2025-01-15,yahoo.com,Enterprise
c0852dfd,2025-01-14,gmail.com,SMB
cdba0acc,2025-01-05,mclaughlin.com,SMB
35ea758b,2025-01-08,yahoo.com,SMB
4408241c,2025-01-10,hotmail.com,Mid-Market
8f2bca0f,2025-01-11,yahoo.com,SMB
0e37fab3,2025-01-03,green.org,SMB
fe4e698a,2025-01-17,gmail.com,SMB
90391e52,2025-01-11,gmail.com,SMB
1a635fda,2025-01-22,hotmail.com,SMB
305a35ca,2025-01-23,gmail.com,SMB
b5785338,2025-01-21,gmail.com,SMB
b15bc988,2025-01-22,johnson-ross.com,SMB
16cbc6d5,2025-01-11,hotmail.com,Mid-Market
8c6d1533,2025-01-16,yahoo.com,SMB
a3b16b8d,2025-01-09,hotmail.com,SMB
271f5382,2025-01-01,stark.com,SMB
4ffa1d3a,2025-01-22,gmail.com,SMB
4cbd96c4,2025-01-20,yahoo.com,Enterprise
2224d125,2025-01-14,gmail.com,SMB
b307d9ba,2025-01-11,gmail.com,Mid-Market
675f3507,2025-01-20,gmail.com,Mid-Market
bdc07d12,2025-01-23,gmail.com,SMB
0bf2b3d9,2025-01-26,yahoo.com,Enterprise
ee785002,2025-01-11,yahoo.com,Mid-Market
a2407750,2025-01-24,hotmail.com,SMB
e25f5001,2025-01-09,hotmail.com,Mid-Market
85c4f058,2025-01-06,gmail.com,SMB
82ca541d,2025-01-19,yahoo.com,Enterprise
548da542,2025-01-15,hotmail.com,SMB
f20fef6e,2025-01-02,hotmail.com,SMB
5419ec12,2025-01-17,hotmail.com,Mid-Market
4b14ce1c,2025-01-18,yahoo.com,Enterprise
dcb9375c,2025-01-06,gmail.com,Enterprise
c2af7a3c,2025-01-12,yahoo.com,SMB
0918a638,2025-01-09,yahoo.com,SMB
798eaed9,2025-01-19,yahoo.com,Mid-Market
4bbb9cb6,2025-01-04,hotmail.com,SMB
bf2ffaba,2025-01-04,gmail.com,SMB
27db72af,2025-01-25,hotmail.com,Mid-Market
6e01dde7,2025-01-04,hotmail.com,SMB
d752fdb2,2025-01-23,golden.net,Mid-Market
cbbcbe58,2025-01-28,gmail.com,SMB
9f2b83f7,2025-01-20,livingston.com,SMB
d0a76c52,2025-01-05,yahoo.com,SMB
14bea97b,2025-01-29,gmail.com,Mid-Market
35ea97b2,2025-01-27,yahoo.com,Enterprise
62a8d89a,2025-01-08,hotmail.com,SMB
0cc34828,2025-01-18,gmail.com,SMB
ff0d2952,2025-01-19,salazar-huerta.org,SMB
2a930353,2025-01-25,hotmail.com,Mid-Market
a5b55570,2025-01-09,morales.com,Mid-Market
1fa65548,2025-01-07,hotmail.com,SMB
dbb10d01,2025-01-19,hotmail.com,SMB
f4739c9f,2025-01-29,hotmail.com,Enterprise
a19d89ba,2025-01-27,gmail.com,SMB
80c5bbb7,2025-01-04,hardy.com,SMB
5b1ef6ee,2025-01-26,gmail.com,SMB
5fe42b91,2025-01-25,nelson.com,Mid-Market
954dd8f6,2025-01-17,yahoo.com,Mid-Market
81e5e4b9,2025-01-12,gmail.com,Mid-Market
1e9c4858,2025-01-26,yahoo.com,SMB
506a01c8,2025-01-12,gmail.com,SMB
7ecade98,2025-01-30,hotmail.com,SMB
4a9e0612,2025-01-23,gmail.com,SMB
f597e99b,2025-01-25,yahoo.com,Mid-Market
a73de9db,2025-01-01,gmail.com,SMB
dbae12ca,2025-01-28,foster.biz,Enterprise
79863b0e,2025-01-05,yahoo.com,Enterprise
13afd764,2025-01-15,gmail.com,SMB
0bc7d344,2025-01-15,gmail.com,Mid-Market
37602992,2025-01-21,gmail.com,Mid-Market
8f13a05b,2025-01-27,gmail.com,Mid-Market
a2184bcc,2025-01-08,gmail.com,SMB
7e99aacf,2025-01-01,gmail.com,SMB
a1b3cf3d,2025-01-18,yahoo.com,SMB
05f52ca1,2025-01-06,gmail.com,SMB
c1f971e3,2025-01-18,yahoo.com,Mid-Market
82c7b5ff,2025-01-05,braun-graham.com,SMB
cb7e9172,2025-01-25,thompson-gibson.com,Mid-Market
a9e7b2d5,2025-01-03,hotmail.com,SMB
b37892c3,2025-01-28,hotmail.com,Mid-Market
7bac21aa,2025-01-05,gmail.com,Mid-Market
1b9a3f4a,2025-01-27,hotmail.com,Mid-Market
1f4d0c3d,2025-01-05,gmail.com,Mid-Market
e994bd39,2025-01-08,gmail.com,SMB
48e8a25a,2025-01-19,brown.com,Mid-Market
0382c82b,2025-01-21,hotmail.com,SMB
83317559,2025-01-03,gmail.com,Mid-Market
8298bdc6,2025-01-24,yahoo.com,SMB
ffff5cca,2025-01-28,gmail.com,SMB
5c3d1218,2025-01-08,yahoo.com,Mid-Market
a13101b4,2025-01-30,miller.info,SMB
e156f53d,2025-01-08,gmail.com,SMB
407a84b8,2025-01-23,byrd-smith.org,SMB
d5f40251,2025-01-23,yahoo.com,SMB
273c3a8b,2025-01-29,gmail.com,Enterprise
5595de47,2025-01-15,yahoo.com,SMB
7146f6c2,2025-01-03,hotmail.com,Mid-Market
42158e5f,2025-01-15,kim.com,SMB
4d9d1c2f,2025-01-23,gmail.com,SMB
7a76c3dc,2025-01-19,gmail.com,SMB
7bd2aa9d,2025-01-18,gmail.com,SMB
dc7d54ad,2025-01-05,boyd-nash.com,Enterprise
03b82134,2025-01-21,yahoo.com,Mid-Market
c1815c57,2025-01-19,hotmail.com,SMB
3b302e48,2025-01-02,hotmail.com,Mid-Market
128061ff,2025-01-17,gmail.com,SMB
e27d6929,2025-01-04,gmail.com,Mid-Market
b7d36479,2025-01-20,gmail.com,SMB
5e3b0bb2,2025-01-07,anthony.com,SMB
46da3991,2025-01-03,gmail.com,Enterprise
035de61e,2025-01-16,hotmail.com,Mid-Market
2cabc160,2025-01-26,gmail.com,SMB
c66e364d,2025-01-02,hotmail.com,SMB
3305a7e3,2025-01-21,hotmail.com,Mid-Market
1482d0dc,2025-01-26,parker.com,SMB
b3e7e769,2025-01-01,hotmail.com,Enterprise
cd999b87,2025-01-08,gmail.com,SMB
f7289ccc,2025-01-24,yahoo.com,Enterprise
5bd42a61,2025-01-29,yahoo.com,SMB
4e7c0a74,2025-01-16,gmail.com,SMB
509678af,2025-01-16,yahoo.com,Mid-Market
93759b7e,2025-01-21,perry.com,SMB
7845fd89,2025-01-08,gmail.com,SMB
2864b985,2025-01-06,yahoo.com,SMB
510c3492,2025-01-29,gonzales.org,Mid-Market
3914ce63,2025-01-21,gmail.com,Mid-Market
da78b837,2025-01-16,hotmail.com,SMB
5ad524f9,2025-01-24,gmail.com,Mid-Market
55a35289,2025-01-18,hotmail.com,SMB
c8964c83,2025-01-27,yahoo.com,SMB
f54863ad,2025-01-06,gmail.com,Enterprise
6e593f3d,2025-01-30,hotmail.com,Mid-Market
602e7484,2025-01-02,gmail.com,SMB
02d34c97,2025-01-22,davis.com,SMB
774563e1,2025-01-10,yahoo.com,SMB
1a7e9693,2025-01-13,yahoo.com,SMB
b972d978,2025-01-20,yahoo.com,SMB
0cf67126,2025-01-05,hotmail.com,SMB
daadd3a4,2025-01-15,gmail.com,Mid-Market
005da67d,2025-01-18,hotmail.com,Mid-Market
d65a85c4,2025-01-26,palmer.com,SMB
542e66af,2025-01-19,church.com,SMB
a57126cf,2025-01-13,hotmail.com,SMB
7554dd65,2025-01-12,contreras.com,Mid-Market
f798c1cf,2025-01-20,yahoo.com,SMB
45b76826,2025-01-02,castillo.com,SMB
3dcd07ed,2025-01-19,lee.com,Mid-Market
d644ff2e,2025-01-03,yahoo.com,Enterprise
7e5cbbba,2025-01-26,gmail.com,SMB
2b1d9849,2025-01-12,gmail.com,Mid-Market
4cd7fd17,2025-01-03,yahoo.com,SMB
56859946,2025-01-22,gmail.com,SMB
08b23e18,2025-01-12,hotmail.com,SMB
f8428558,2025-01-21,hotmail.com,SMB
ae97c26d,2025-01-20,yahoo.com,Mid-Market
498b0161,2025-01-27,yahoo.com,SMB
7b4a981f,2025-01-21,hotmail.com,Mid-Market
49842227,2025-01-19,gmail.com,Mid-Market
9f942966,2025-01-02,hotmail.com,SMB
1ac9a964,2025-01-05,gmail.com,SMB
4262cc87,2025-01-02,hotmail.com,SMB
c5512e6d,2025-01-21,gmail.com,SMB
857f6a8f,2025-01-11,hotmail.com,Mid-Market
207b3de0,2025-01-24,yahoo.com,Mid-Market
a237b61e,2025-01-22,gmail.com,SMB
313e409e,2025-01-27,jackson-miller.com,Enterprise
901e1daa,2025-01-29,yahoo.com,SMB
98ef0289,2025-01-04,johns.net,SMB
fd5675a7,2025-01-01,hall.com,SMB
0248a762,2025-01-25,yahoo.com,Mid-Market
810eff6d,2025-01-13,hotmail.com,SMB
f040ae21,2025-01-15,callahan-sanders.com,SMB
c7eeb112,2025-01-13,yahoo.com,Mid-Market
1b5a893d,2025-01-23,hotmail.com,SMB
0b7f2636,2025-01-10,gmail.com,Mid-Market
ad63fb12,2025-01-19,hotmail.com,Enterprise
7016759d,2025-01-07,gmail.com,Enterprise
213f574e,2025-01-05,yahoo.com,SMB
7f720ecb,2025-01-22,walker.org,SMB
e5753f4b,2025-01-25,gmail.com,SMB
156e92c4,2025-01-07,gmail.com,Mid-Market
3d26b8f2,2025-01-08,hotmail.com,Mid-Market
f76341ad,2025-01-14,brown.com,SMB
ef2133a0,2025-01-28,hotmail.com,SMB
22ec1002,2025-01-07,yahoo.com,Enterprise
eed9487a,2025-01-16,hardin-johnson.net,SMB
66fcb8d7,2025-01-28,gmail.com,Mid-Market
4411ded7,2025-01-08,gmail.com,SMB
e37c664e,2025-01-09,ingram.info,SMB
cd7a97ed,2025-01-23,jackson.com,SMB
3301f947,2025-01-23,gmail.com,SMB
01c4b25a,2025-01-24,yahoo.com,SMB
7c2a8b1d,2025-01-22,gmail.com,Enterprise
ef3d112e,2025-01-29,berger-hernandez.com,Mid-Market
22bb7cad,2025-01-19,yahoo.com,SMB
1cc0c16c,2025-01-14,luna-bean.biz,Mid-Market
292f23f3,2025-01-24,gmail.com,Enterprise
58d32ef5,2025-01-15,kaiser-wade.com,SMB
e1de1c06,2025-01-12,watson.com,SMB
bedad7ca,2025-01-08,yahoo.com,SMB
804d9433,2025-01-27,gmail.com,Mid-Market
8d21e41d,2025-01-14,gmail.com,Enterprise
88b045d8,2025-01-01,keith.com,SMB
bff19248,2025-01-17,robinson-paul.com,Enterprise
6fe51db9,2025-01-04,yahoo.com,SMB
774414e5,2025-01-23,wood-monroe.com,SMB
0d12c269,2025-01-26,hotmail.com,Mid-Market
19e4a05a,2025-01-19,yahoo.com,Mid-Market
5d7bfac3,2025-01-18,hotmail.com,Mid-Market
6a38ac13,2025-01-02,hernandez.com,SMB
4632861f,2025-01-02,foster.biz,SMB
5bb5fa60,2025-01-27,hotmail.com,SMB
c513535f,2025-01-17,yahoo.com,SMB
75d41b99,2025-01-28,rosario-ruiz.net,SMB
eef4e7b0,2025-01-15,gmail.com,SMB
1a1d9b2f,2025-01-24,hotmail.com,SMB
5d38f2ea,2025-01-23,gmail.com,SMB
0169cf3c,2025-01-13,hotmail.com,SMB
ce4c53c5,2025-01-06,yahoo.com,SMB
7a4cc38a,2025-01-28,hotmail.com,SMB
41a6d832,2025-01-23,hotmail.com,Mid-Market
9813dd49,2025-01-10,gmail.com,SMB
20e3837f,2025-01-15,hotmail.com,Mid-Market
58135db3,2025-01-23,gmail.com,SMB
693b3833,2025-01-23,conrad.com,SMB
59bc9b62,2025-01-30,hotmail.com,Enterprise
4c5f1ebd,2025-01-16,yahoo.com,SMB
f71374d3,2025-01-19,gmail.com,Enterprise
c041e937,2025-01-24,gmail.com,Mid-Market
1f9c9d8f,2025-01-07,gmail.com,SMB
83e3ccf5,2025-01-10,gmail.com,Mid-Market
c30e2264,2025-01-28,davis.biz,Mid-Market
fff813cf,2025-01-13,morales.org,SMB
0a9a6d67,2025-01-14,gmail.com,SMB
d3f2cda6,2025-01-15,gmail.com,SMB
8b50a13a,2025-01-03,yahoo.com,SMB
667541f9,2025-01-17,gmail.com,SMB
357acc69,2025-01-13,james-wilson.com,SMB
383ebf19,2025-01-03,gmail.com,Mid-Market
7063eaaa,2025-01-21,gmail.com,SMB
f3057820,2025-01-23,yahoo.com,Mid-Market
d3768db0,2025-01-10,daniel.com,Enterprise
0e0477dd,2025-01-20,yahoo.com,Mid-Market
fbb7d9db,2025-01-28,gmail.com,Enterprise
54662992,2025-01-16,yahoo.com,SMB
d9cb8e60,2025-01-03,gmail.com,SMB
29845b38,2025-01-04,yahoo.com,SMB
b9835a9f,2025-01-26,gmail.com,SMB
325e576f,2025-01-21,hotmail.com,SMB
f697cfc8,2025-01-25,yahoo.com,Enterprise
041a6000,2025-01-07,welch-nelson.com,Mid-Market
b4049654,2025-01-07,yahoo.com,SMB
18761066,2025-01-17,hotmail.com,SMB
ca04b69d,2025-01-16,yahoo.com,SMB
f8d29f71,2025-01-14,hotmail.com,SMB
6edc6e90,2025-01-09,hotmail.com,SMB
dd2155a1,2025-01-24,gmail.com,Mid-Market
f69956bf,2025-01-11,hotmail.com,SMB
2c7bccd8,2025-01-23,yahoo.com,SMB
60793b03,2025-01-22,hotmail.com,SMB
fb4a9275,2025-01-20,gmail.com,Enterprise
22ade2a0,2025-01-21,gmail.com,SMB
f7bba0b0,2025-01-07,yahoo.com,SMB
bb74ff72,2025-01-13,lucas.info,SMB
c4a956da,2025-01-06,hotmail.com,SMB
96c18fa0,2025-01-04,cervantes.com,Mid-Market
9f88f9a3,2025-01-07,yahoo.com,Enterprise
78ee7bc9,2025-01-20,gmail.com,Mid-Market
c8c27157,2025-01-03,gmail.com,SMB
0e568fa1,2025-01-10,gmail.com,Mid-Market
4eeac9bc,2025-01-22,yahoo.com,SMB
14173c17,2025-01-30,gmail.com,Mid-Market
f4e31d4f,2025-01-29,hotmail.com,SMB
24e1c064,2025-01-26,yahoo.com,SMB
61bdc1bb,2025-01-12,hotmail.com,SMB
ff1c8fac,2025-01-19,yahoo.com,SMB
fdf75ca2,2025-01-25,yahoo.com,Mid-Market
dbd1edfd,2025-01-28,hotmail.com,Mid-Market
196e140b,2025-01-18,yahoo.com,Mid-Market
e7be5aa5,2025-01-20,gmail.com,SMB
e8a246c7,2025-01-20,gmail.com,SMB
eb996079,2025-01-07,yahoo.com,Mid-Market
50093b7c,2025-01-13,hotmail.com,SMB
d7fa6fe9,2025-01-10,gmail.com,Mid-Market
cd1de4f1,2025-01-17,gmail.com,SMB
5ff54786,2025-01-01,stevenson.info,SMB
bd752b78,2025-01-24,gmail.com,Mid-Market
bd340a0c,2025-01-10,yahoo.com,Enterprise
a25253a2,2025-01-30,hotmail.com,Mid-Market
6b9d9872,2025-01-03,gmail.com,SMB
cdb0744a,2025-01-04,hotmail.com,SMB
ccba0909,2025-01-09,hotmail.com,Mid-Market
e671e907,2025-01-28,young.org,Enterprise
fa44f6f7,2025-01-22,hotmail.com,SMB
5ffa3f77,2025-01-10,gmail.com,Enterprise
e5047afa,2025-01-19,gmail.com,Enterprise
98247aa9,2025-01-22,yahoo.com,Mid-Market
61daa17b,2025-01-02,yahoo.com,Mid-Market
bbc92505,2025-01-30,gmail.com,Enterprise
b80d5658,2025-01-14,gmail.com,Mid-Market
a0880af2,2025-01-08,levy.biz,SMB
496a193d,2025-01-03,gmail.com,Mid-Market
71dd17c0,2025-01-26,hall-compton.net,SMB
41f9e8ea,2025-01-24,gonzalez.com,SMB
a436f073,2025-01-21,gmail.com,SMB
11cacc5b,2025-01-02,castillo.com,SMB
dc2fae0b,2025-01-21,nelson.info,SMB
495de242,2025-01-10,hotmail.com,SMB
abed626f,2025-01-11,gmail.com,SMB
4be80446,2025-01-28,hotmail.com,SMB
9be2aaad,2025-01-02,yahoo.com,Enterprise
0f4f497b,2025-01-15,gmail.com,Enterprise
eb9ab95d,2025-01-01,yahoo.com,SMB
e934809b,2025-01-14,lin-rogers.com,SMB
91c9eb54,2025-01-23,yahoo.com,Enterprise
50c5e8c7,2025-01-08,hotmail.com,SMB
601783e9,2025-01-25,yahoo.com,SMB
a25332a9,2025-01-03,gmail.com,SMB
cf1041bd,2025-01-15,yahoo.com,Mid-Market
3db95489,2025-01-24,parker-turner.org,SMB
92201f9f,2025-01-29,gmail.com,Mid-Market
46f9bb8c,2025-01-09,hotmail.com,SMB
88f2a740,2025-01-19,yahoo.com,SMB
e3a5055e,2025-01-26,yahoo.com,SMB
ce0557ea,2025-01-25,johns.com,SMB
2f34ca47,2025-01-27,powers.org,SMB
06acb071,2025-01-08,yahoo.com,Mid-Market
94804273,2025-01-08,yahoo.com,Mid-Market
6ad899e6,2025-01-05,ramirez-brown.com,SMB
b25d700d,2025-01-08,hotmail.com,Mid-Market
f3b3b16b,2025-01-18,smith.com,SMB
105e787f,2025-01-06,miller-shaffer.org,SMB
5ef95824,2025-01-06,powers.com,Mid-Market
ff15c6fc,2025-01-06,hotmail.com,SMB
5d28879f,2025-01-25,yahoo.com,SMB
62da1522,2025-01-07,gmail.com,Mid-Market
81734d5a,2025-01-15,gmail.com,SMB
f379b379,2025-01-08,yahoo.com,SMB
6a884e15,2025-01-02,yahoo.com,Enterprise
b99689f3,2025-01-08,gmail.com,SMB
1096c09c,2025-01-01,thomas.com,Mid-Market
b440aeec,2025-01-26,hotmail.com,SMB
3e38492e,2025-01-28,hotmail.com,SMB
b5fc78f8,2025-01-08,yahoo.com,Mid-Market
c6c41d8a,2025-01-14,hotmail.com,Mid-Market
d1627d45,2025-01-10,gmail.com,SMB
97388b42,2025-01-09,gmail.com,Mid-Market
f66028de,2025-01-06,gmail.com,Mid-Market
78a9f3e8,2025-01-25,thomas.com,SMB
5ccb4ca8,2025-01-21,hotmail.com,SMB
4439aace,2025-01-14,hotmail.com,SMB
d0e0f5a9,2025-01-17,yahoo.com,SMB
14ff908e,2025-01-03,yahoo.com,Mid-Market
650d5aa6,2025-01-27,hotmail.com,Mid-Market
c53f89c7,2025-01-29,gmail.com,Mid-Market
84c9bce2,2025-01-18,pena.com,Mid-Market
e9ccc1e8,2025-01-19,lopez.biz,SMB
60e639ae,2025-01-29,hotmail.com,SMB
358dbc0a,2025-01-16,yahoo.com,SMB
2ec04ca7,2025-01-18,hotmail.com,SMB
d7d3d761,2025-01-21,yahoo.com,SMB
0027aa4d,2025-01-03,jacobs.com,Mid-Market
7c648288,2025-01-07,yahoo.com,SMB
ee9c97eb,2025-01-19,hotmail.com,SMB
0913e985,2025-01-23,gmail.com,Mid-Market
56c454e7,2025-01-07,yahoo.com,SMB
049a8e69,2025-01-24,lambert.com,SMB
c8a065d6,2025-01-09,gmail.com,SMB
8fde7b5c,2025-01-01,hotmail.com,Mid-Market
06e32ef3,2025-01-12,nelson-zhang.com,SMB
42535602,2025-01-05,yahoo.com,Mid-Market
56b888cb,2025-01-02,gmail.com,SMB
6c3b70d7,2025-01-08,hotmail.com,SMB
00dbde8e,2025-01-26,yahoo.com,SMB
bbea46d6,2025-01-09,gmail.com,SMB
a0c191bc,2025-01-09,gmail.com,Mid-Market
709bd7c7,2025-01-24,gmail.com,SMB
36164c29,2025-01-17,yahoo.com,Mid-Market
7b9207f0,2025-01-09,gmail.com,Mid-Market
0b393206,2025-01-27,gmail.com,Mid-Market
4aa1bc89,2025-01-24,yahoo.com,SMB
2b4d8fce,2025-01-24,gmail.com,Mid-Market
16ecba33,2025-01-05,walker.biz,Enterprise
4b951802,2025-01-22,hotmail.com,SMB
3b2b9ee2,2025-01-08,white-murphy.com,Mid-Market
b3a542ec,2025-01-17,gmail.com,Mid-Market
a8cc3718,2025-01-09,hotmail.com,SMB
fc5e4be4,2025-01-23,yahoo.com,SMB
93ee3f76,2025-01-07,gmail.com,SMB
d18cfc80,2025-01-14,yahoo.com,Mid-Market
bf4edc5a,2025-01-13,taylor.com,SMB
fb56837c,2025-01-13,gmail.com,Enterprise
07ff48e5,2025-01-16,hotmail.com,SMB
f2bfbbcd,2025-01-12,rodriguez.com,SMB
fc7b5e33,2025-01-23,hotmail.com,SMB
4a6f8c2b,2025-01-05,gmail.com,SMB
dbe1ed0d,2025-01-08,hotmail.com,SMB
2af34ae9,2025-01-07,gmail.com,SMB
a0639566,2025-01-20,gmail.com,Mid-Market
681bac14,2025-01-24,gmail.com,Enterprise
274b3913,2025-01-16,gmail.com,SMB
ed411a30,2025-01-14,koch.org,SMB
01808e57,2025-01-23,hotmail.com,SMB
261a6d61,2025-01-10,hotmail.com,SMB
ac341e11,2025-01-13,yahoo.com,SMB
54b69362,2025-01-05,yahoo.com,SMB
bf33f5a8,2025-01-18,hotmail.com,SMB
01b78084,2025-01-16,yahoo.com,Enterprise
f0a2a449,2025-01-14,yahoo.com,Enterprise
c08fe696,2025-01-17,gmail.com,Mid-Market
c1b35ff9,2025-01-08,gmail.com,SMB
41b77c7a,2025-01-18,gmail.com,Mid-Market
08231aad,2025-01-30,yahoo.com,SMB
db3cc864,2025-01-28,goodwin.com,SMB
5b4b0c30,2025-01-29,cantu.com,SMB
48e8b793,2025-01-04,yahoo.com,SMB
cdcea2a6,2025-01-20,hotmail.com,SMB
59ce3a7b,2025-01-05,chapman.com,Enterprise
9e183efd,2025-01-11,hotmail.com,SMB
930ab07d,2025-01-17,gmail.com,Mid-Market
630a62e2,2025-01-09,hotmail.com,SMB
f64a1eb8,2025-01-23,yahoo.com,SMB
686012c6,2025-01-30,yahoo.com,SMB
40fb5bf4,2025-01-25,gmail.com,Mid-Market
4a00f038,2025-01-24,henderson.info,Mid-Market
cca9684a,2025-01-05,yahoo.com,Enterprise
bb627f6d,2025-01-22,grimes.com,SMB
d98e21ff,2025-01-05,yahoo.com,Enterprise
da79b6aa,2025-01-01,yahoo.com,SMB
9d553ef4,2025-01-01,richards.net,Enterprise
246016f9,2025-01-08,hotmail.com,Mid-Market
b00afdae,2025-01-11,hotmail.com,SMB
3e274a28,2025-01-26,poole.com,Mid-Market
1b760097,2025-01-21,yahoo.com,Mid-Market
87067fbd,2025-01-23,gmail.com,SMB
0e10e601,2025-01-24,hotmail.com,SMB
1a7d8a5d,2025-01-11,gmail.com,Mid-Market
9f0687cc,2025-01-09,gmail.com,SMB
413cd617,2025-01-22,hotmail.com,SMB
dd2e3123,2025-01-04,yahoo.com,SMB
5f3b6979,2025-01-30,gmail.com,SMB
51d17687,2025-01-24,gmail.com,SMB
8f5c5cdd,2025-01-12,hotmail.com,Mid-Market
c58e7d8a,2025-01-10,yahoo.com,SMB
6e09a33c,2025-01-23,hotmail.com,SMB
4154c641,2025-01-12,melton-morris.com,SMB
4a11d909,2025-01-18,yahoo.com,Mid-Market
732af968,2025-01-25,gmail.com,SMB
884b724f,2025-01-02,hotmail.com,SMB
57291b46,2025-01-06,gmail.com,Enterprise
e3f8ac4f,2025-01-30,hotmail.com,SMB
27fa2ccc,2025-01-29,hotmail.com,SMB
bb2de8f5,2025-01-05,yahoo.com,Enterprise
c81a5f05,2025-01-23,gmail.com,Mid-Market
d6eb40c2,2025-01-21,hotmail.com,Mid-Market
548a0ab2,2025-01-18,yahoo.com,Enterprise
