subscription_id,user_id,plan_level,mrr,status,upgrade_date
f0a4d75e,208faa8b,Free,0,Active,
87c302cb,df6431c9,Free,0,Active,
06d6d911,541bcf25,Free,0,Active,
7999c46f,c339c05e,Free,0,Active,
6c3520d3,e8c4f5b5,Free,0,Active,
f3c9f019,563e981a,Pro,706.36,Active,15/01/2025
b5ee7b3a,93e3006f,Pro,227.28,Active,27/01/2025
b0e69193,95fef1fa,Free,0,Active,
56474f26,e50ea958,Pro,142.49,Active,22/01/2025
7d26af99,ee26ec1b,Enterprise,771.28,Active,04/02/2025
9392facd,05c21e90,Free,0,Active,
c86b0187,9c272e06,Pro,172.48,Active,20/01/2025
f42e9472,9.09E+103,Free,0,Active,
54119bd2,2a4a59ae,Free,0,Active,
d0aa0e8f,96d475d3,Free,0,Active,
d4d0c2cb,7065446e,Pro,236.72,Active,17/01/2025
9.88E+100,0281f94d,Free,0,Active,
0fc9a323,afdb4860,Free,0,Active,
8e0042af,bc1338e3,Free,0,Active,
442a6617,789cd5d1,Pro,856.54,Active,19/01/2025
c6806223,9c1a0b21,Free,0,Active,
95abc3c6,9ced7deb,Pro,83.82,Active,26/01/2025
275bf389,16b03824,Pro,629.37,Active,31/01/2025
1c849107,58535024,Pro,389.1,Active,27/01/2025
2d223f0d,9c3c04c9,Free,0,Active,
27ffee09,6d760d88,Free,0,Active,
69ffbae1,97441de0,Free,0,Active,
cb887aac,ad3377d5,Free,0,Active,
26c18ead,8e014dbe,Free,0,Active,
98b43d2b,cda67b81,Enterprise,4894.66,Active,16/01/2025
8458c96e,5e6f87ae,Free,0,Active,
4bbb2dc6,5666d6dd,Free,0,Active,
25838738,12cfa219,Free,0,Active,
1e34c122,030203ed,Free,0,Active,
f36de36e,b4909100,Free,0,Active,
3073814f,892a1eff,Free,0,Active,
2c4a9e99,1f423013,Free,0,Active,
30ef5d7d,b3969e04,Pro,216.34,Active,18/01/2025
955f48d1,82d58c9b,Free,0,Active,
d7830724,bec227d3,Free,0,Active,
44a4b259,979deca5,Free,0,Active,
b0d9b0a1,3f796f9f,Free,0,Active,
3e2fd855,18dd416f,Free,0,Active,
7a819bd0,f0540575,Free,0,Active,
b15f8343,4f7e1434,Free,0,Active,
a509be9f,9d1cab17,Free,0,Active,
943b2580,5453d994,Free,0,Active,
ba9dc14d,ffa2bd4a,Free,0,Active,
a9cb1ff8,acd55ba8,Free,0,Active,
300ab041,4d99a711,Free,0,Active,
8ba2dc94,b16dc37e,Pro,658.27,Active,04/02/2025
4c6403c4,365b039f,Free,0,Active,
36be6863,5c573f4d,Pro,28.27,Active,03/02/2025
460ff15e,ff203d52,Free,0,Active,
af1ec49a,878de0d6,Free,0,Active,
63dcc536,f3ee29d5,Free,0,Active,
c44125bd,003c2e1c,Free,0,Active,
c802b5ae,95071c42,Pro,328.3,Active,28/01/2025
d4fe8d9c,9166d9b8,Free,0,Active,
be840387,384817d3,Free,0,Active,
4001ac20,d1703b1c,Pro,372.29,Active,23/01/2025
ddcd9615,c415baaf,Free,0,Active,
ebac0f93,db87c178,Pro,120.27,Active,11/01/2025
f570fab5,0bde3935,Free,0,Active,
0a952158,1b59b3ff,Free,0,Active,
e9012bc1,d343b924,Free,0,Active,
8276fd2b,4ea99eec,Pro,239.67,Active,07/01/2025
b7ab0f89,c0a1f6db,Free,0,Active,
048b5b6c,5cc52109,Free,0,Active,
662fb3a8,3c64b914,Free,0,Active,
91b19adf,2d2c06a9,Pro,52.85,Active,01/02/2025
70b46a00,0c52bde4,Free,0,Active,
60f3ecfe,6bd84b88,Free,0,Active,
b99c26de,79fee4fa,Free,0,Active,
1ef6d0f9,8e0e1bf0,Free,0,Active,
74f0c323,79bf4b76,Free,0,Active,
050e63a8,1175359e,Free,0,Active,
18a20528,204a78af,Free,0,Active,
4b8c36d4,90036a06,Pro,221.95,Active,04/02/2025
09f2f111,9f45e305,Free,0,Active,
0d22f1ef,17e88467,Free,0,Active,
2cbd3cb9,4dcc6246,Free,0,Active,
a951397c,5d99dd66,Free,0,Active,
732957cf,d93f33fb,Free,0,Active,
f6d60630,036455aa,Free,0,Active,
278289fb,b457f8e5,Pro,24.7,Active,05/01/2025
f1631ed4,35524ca6,Pro,725.05,Active,30/01/2025
f387aac4,570a4568,Free,0,Active,
f7123026,fc666829,Free,0,Active,
975e4bcc,2d22e66d,Free,0,Active,
46cc0344,adcb3e21,Free,0,Active,
80ba597e,33a7f0b4,Free,0,Active,
ba9c1d11,12a8b1c8,Free,0,Active,
dc0f5a28,086e1c78,Free,0,Active,
9857b15c,619dd7db,Free,0,Active,
226a44be,8b758522,Free,0,Active,
dd689778,235c4450,Free,0,Active,
ff8cf03d,301182c5,Free,0,Active,
ca511090,bb36349d,Free,0,Active,
9048fc80,6b059677,Free,0,Active,
cbe88280,1a581cb8,Enterprise,3069.34,Active,09/01/2025
7c2bef7d,78da899e,Free,0,Active,
76a875e4,61fb70dd,Pro,236.4,Active,22/01/2025
ff147404,15cf44dd,Free,0,Active,
1f6e0b18,223058d1,Free,0,Active,
7682535e,2e0adefc,Enterprise,3910.9,Active,08/01/2025
799f3ee8,424b60a9,Pro,739.26,Active,09/01/2025
941117ad,e4733445,Free,0,Active,
e0bd0b5d,4eced2d6,Free,0,Active,
9bebe314,9ab74a99,Free,0,Active,
f5d622f6,ba15c253,Free,0,Active,
249993b8,f981f64c,Free,0,Active,
b65fd099,00b3db7e,Free,0,Active,
ad387575,4b98090c,Pro,601.05,Active,23/01/2025
cf727f0f,37f1747c,Free,0,Active,
e506bdba,072a1e07,Free,0,Active,
9e62a32c,ba955b26,Free,0,Active,
f2e49412,82dccc0d,Free,0,Active,
524df6cb,f57e4ec8,Free,0,Active,
d7518802,2d6e11b3,Pro,114.99,Active,24/01/2025
743fa21e,11786d2d,Pro,947.39,Active,17/01/2025
4c942471,4e1c363e,Free,0,Active,
d6ce7486,2712d325,Free,0,Active,
dd5e8d1f,52915938,Free,0,Active,
d3045540,6dfaca99,Free,0,Active,
1b70dd08,b9b95777,Pro,614.5,Active,22/01/2025
5892786a,5f326573,Pro,55.85,Active,22/01/2025
6280cc6b,0fb55ee7,Free,0,Active,
a63c0df7,e3c879e6,Pro,29.01,Active,24/01/2025
e5815b9e,e6b602dd,Free,0,Active,
ee554bd4,2ed352a4,Pro,52.11,Active,25/01/2025
5a7141f2,b22ef81f,Free,0,Active,
1f636c41,202cb966,Free,0,Active,
699e42bb,c1f41a1f,Free,0,Active,
68d9c658,0da7d1e4,Free,0,Active,
e2b59b85,a2768da9,Free,0,Active,
7d9d24a9,a0416ae7,Free,0,Active,
84123498,22307953,Pro,1060.59,Active,18/01/2025
12586790,8.01E+233,Pro,29.45,Active,30/01/2025
77cae7e1,a1442b4d,Free,0,Active,
1adf7165,99e13577,Pro,78.9,Active,10/01/2025
af44be42,c90d54d5,Pro,726.5,Active,06/01/2025
bd5a1b8d,4274ab4f,Free,0,Active,
b70c2d8c,2f3ec234,Pro,1063.18,Active,25/01/2025
c94670c3,199f6cab,Pro,165.74,Active,27/01/2025
13a01222,4821ba8a,Free,0,Active,
a9ea097b,ff963173,Free,0,Active,
3e046292,33ee7355,Pro,168.94,Active,12/01/2025
7fa1439a,5bcdc503,Free,0,Active,
b86938ed,a62fa681,Free,0,Active,
23d21252,dfe50617,Free,0,Active,
a973fb3e,45f7549b,Pro,700.34,Active,30/01/2025
b5201cca,2dac852f,Pro,26.43,Active,25/01/2025
7.30E+59,724c438d,Free,0,Active,
73c5576b,f3bb64c5,Free,0,Active,
dd2f4f18,2cb92276,Pro,128.78,Active,03/01/2025
fac602bc,253d2414,Free,0,Active,
550a5bb8,531f556d,Free,0,Active,
4a4e117f,d2a128b7,Free,0,Active,
357ce20b,8c2f97ca,Pro,535.21,Active,03/01/2025
4c9e2cf7,c92789a6,Free,0,Active,
6389bbb2,433ffe38,Pro,249.11,Active,12/01/2025
932258fc,a461068c,Free,0,Active,
6530a4ae,a174e96e,Free,0,Active,
55aa43c8,69e0b951,Free,0,Active,
b50d4eb2,0e09f5d5,Free,0,Active,
a6aa3ace,900f5133,Free,0,Active,
3970db02,06d034e2,Free,0,Active,
517fd2cc,4b773ac5,Free,0,Active,
941208c9,d7c811c0,Pro,108.69,Active,06/02/2025
73bc50dc,71ec7354,Free,0,Active,
a685a6dd,f75be968,Pro,254.11,Active,07/02/2025
ac920022,a4f117df,Pro,59.97,Active,17/01/2025
57ab330b,b369b22a,Enterprise,4455.23,Active,06/02/2025
538f0801,6d2b4e10,Free,0,Active,
e5174b40,5e08d303,Free,0,Active,
31e9d109,59c3f529,Free,0,Active,
ef869893,1a9a3057,Pro,26.35,Active,21/01/2025
dc97d115,449e9419,Free,0,Active,
47a0214b,b993b814,Free,0,Active,
b9964cff,4591df09,Free,0,Active,
e07d7642,8fc44f0c,Free,0,Active,
8c9c4ea4,33c3c379,Pro,815.05,Active,31/01/2025
651a9026,138ad2ae,Free,0,Active,
223cc2d1,81e9611d,Free,0,Active,
0da957b4,46f49d64,Pro,1097.07,Active,20/01/2025
fb7cca60,ddafa03c,Pro,1055.9,Active,21/01/2025
57f88194,7f6bf137,Free,0,Active,
171c2eb3,60efc916,Pro,302.46,Active,28/01/2025
69e51f82,a216b51b,Free,0,Active,
f1cf4cc3,0686594f,Pro,51.37,Active,24/01/2025
a6da182b,14c168fc,Free,0,Active,
762fd979,7a7ba017,Pro,678.33,Active,18/01/2025
59b8128d,f7348843,Free,0,Active,
76d01f5f,3ada3fa0,Free,0,Active,
68afbae4,26cf023f,Free,0,Active,
0e659d1a,12b6c03e,Pro,75.33,Active,25/01/2025
bf8db056,028882b5,Free,0,Active,
facf6b2b,3614e559,Free,0,Active,
25035757,28203f0f,Pro,28.41,Active,17/01/2025
2e516011,442cf2af,Free,0,Active,
bb4799cd,55106972,Free,0,Active,
ea395082,2e11ae36,Free,0,Active,
e25d363e,8f77520b,Pro,207.26,Active,31/01/2025
3274815c,3fa8143d,Free,0,Active,
3444b947,b82f1333,Free,0,Active,
691fc264,da37313c,Free,0,Active,
0c48d040,6b0a3b47,Pro,99.67,Active,06/01/2025
6c4b2651,1f80d4e7,Free,0,Active,
4c8519ef,3a9bbfda,Free,0,Active,
f058a4fb,3cff743c,Free,0,Active,
98f71dfb,2c0b98b2,Free,0,Active,
a8923975,97e36157,Free,0,Active,
534eabc0,2fb2e8ab,Free,0,Active,
9aca40b9,be78c72d,Free,0,Active,
0a20fd10,c1b42e78,Pro,88.98,Active,08/01/2025
14bda3ac,1c5393c1,Free,0,Active,
af73447b,da9fca3d,Free,0,Active,
be88f034,6a626603,Free,0,Active,
9820aa3b,203318d2,Free,0,Active,
3a4becc8,2c57b921,Free,0,Active,
58673229,78ff3f84,Free,0,Active,
3d8b9633,2349c9ab,Pro,825.93,Active,19/01/2025
3859a748,ea8be435,Free,0,Active,
b0c6160c,2d711ef0,Free,0,Active,
1f8cd3d1,c65d8775,Free,0,Active,
a84ed3d9,bd24101b,Pro,957.51,Active,31/01/2025
48ddd0b6,e7b2f4ca,Free,0,Active,
aec252c0,622de238,Free,0,Active,
425d0183,60a45ff3,Free,0,Active,
7f9809ff,c2024846,Free,0,Active,
cc177e1b,a5985f9d,Free,0,Active,
e740234f,4408355,Pro,1056.67,Active,02/02/2025
9604e40b,90b0256a,Free,0,Active,
15cc9f77,2d531e37,Free,0,Active,
85a7568d,f4619391,Free,0,Active,
3c8c5a74,8a26d4aa,Free,0,Active,
c2b673ca,371d74d2,Pro,28.49,Active,18/01/2025
ac841737,0a4b3e5e,Pro,50.12,Active,03/02/2025
a7bdd244,166f7ad2,Pro,381.56,Active,25/01/2025
3a587827,c3664161,Free,0,Active,
168d3e29,c978fcf3,Free,0,Active,
8cc97a7d,3ea2716a,Free,0,Active,
869fe888,27e39257,Free,0,Active,
61b36185,341b586e,Free,0,Active,
69a98fcb,a7465fac,Free,0,Active,
3.77E+08,cf5b3e2d,Free,0,Active,
fd89b960,6b085792,Free,0,Active,
1b6de4fa,a4d29044,Free,0,Active,
9af27496,606c14c8,Pro,193.11,Active,13/01/2025
bae64c64,270aa928,Free,0,Active,
bed0d3fb,71d80975,Free,0,Active,
2422ecea,684117bb,Pro,559.02,Active,04/01/2025
0378bf0b,b341a801,Free,0,Active,
644f75a2,294f12b9,Free,0,Active,
77656395,141f44d4,Free,0,Active,
95ee72dc,d597ad90,Pro,158.78,Active,26/01/2025
ea3ddbfc,61a5283c,Free,0,Active,
8c7dc975,dc359922,Free,0,Active,
d1f5b176,e746e85a,Free,0,Active,
103c5da4,7.24E+08,Free,0,Active,
fe8ff8d1,9a3df4b9,Pro,149.1,Active,17/01/2025
0c3ca69f,cf8f6d6d,Free,0,Active,
240cb33e,ee111ea8,Free,0,Active,
94282c98,809d1901,Pro,645.27,Active,24/01/2025
ec7cd1cb,b05fee94,Free,0,Active,
e90dbcb9,963dbbb2,Free,0,Active,
d1ce4774,d9fe3e93,Free,0,Active,
a262856b,7956b072,Pro,25.2,Active,13/01/2025
5830e492,90b52598,Free,0,Active,
7f4d402a,679dba82,Free,0,Active,
f1a83f33,39da3d88,Free,0,Active,
9166ab1b,3024cc83,Free,0,Active,
264ed08f,c67a038b,Enterprise,2874.02,Active,07/01/2025
f0ef550c,e3306633,Free,0,Active,
f78babc7,582f8b05,Free,0,Active,
7a4c5320,6cc87806,Free,0,Active,
2453ad3b,7727cde5,Free,0,Active,
99447994,37248619,Free,0,Active,
d8678e15,35f84262,Free,0,Active,
d87db018,9832a85d,Free,0,Active,
4978204,239a1744,Free,0,Active,
4c77e6ae,36c84d76,Pro,209.93,Active,04/02/2025
3d629a8f,4ff29142,Free,0,Active,
2ac73b6d,783ae4b3,Free,0,Active,
59520c47,cb016257,Free,0,Active,
1ec303aa,55d5c1a7,Free,0,Active,
1b1228e1,60bbda21,Free,0,Active,
f0f74504,b9fe1223,Pro,204.37,Active,21/01/2025
bae9ebec,0515b750,Free,0,Active,
c92fb80d,baf5910d,Free,0,Active,
68fb697a,dc27a5f2,Free,0,Active,
196be657,2ed44344,Free,0,Active,
8f4a6b0b,4f23653b,Free,0,Active,
3859e4bd,18bae932,Pro,969.79,Active,17/01/2025
e6060ab9,10a1fba9,Enterprise,4725.11,Active,31/01/2025
2cf9f8d1,92db6372,Free,0,Active,
8e726b63,5871ba0a,Free,0,Active,
3dd1b88f,899c8540,Pro,176.8,Active,12/01/2025
dceef399,877b4786,Free,0,Active,
406c942d,2302f152,Free,0,Active,
56c77036,32888d73,Free,0,Active,
5aa1133e,7f820a65,Free,0,Active,
fa438a4f,1811d81d,Free,0,Active,
b199861f,c664becf,Free,0,Active,
afc3770a,4731fbf3,Free,0,Active,
7eecf61f,085a478c,Pro,842.9,Active,30/01/2025
df415eee,cbc35fe8,Free,0,Active,
399acd7b,a1e12fbb,Pro,800.73,Active,22/01/2025
8174f765,1110d145,Free,0,Active,
9ceac731,888c5fb9,Free,0,Active,
7f518c23,ef65bb2c,Pro,402.78,Active,31/01/2025
562aa22c,9875391e,Free,0,Active,
477bdfe3,4cf0c0a9,Free,0,Active,
c1306909,9362b0db,Free,0,Active,
38ce40aa,e56deead,Pro,147.83,Active,01/02/2025
f7361a56,86295aa2,Free,0,Active,
8c330856,94322121,Free,0,Active,
d4440bf1,9702126c,Free,0,Active,
0a63e759,f80f6255,Free,0,Active,
7dac6c86,f16ce3ec,Pro,571.82,Active,29/01/2025
0c7494e1,199a1269,Pro,221.77,Active,30/01/2025
980b2990,61ecf547,Free,0,Active,
81bab286,87801f8a,Free,0,Active,
3dc0d8d2,d5ff143d,Free,0,Active,
9dabde9c,9fe17c43,Free,0,Active,
30caea9f,9198919d,Free,0,Active,
897b7278,0ac7b89c,Pro,263.32,Active,16/01/2025
89990ddd,0ae7f213,Free,0,Active,
26c9d838,4e9dc06c,Free,0,Active,
11da8656,0bd4dc3e,Enterprise,2576.39,Active,08/01/2025
b624d05b,f27aaee1,Free,0,Active,
062a574a,bc312a64,Pro,26.84,Active,07/01/2025
ab346b9b,8e97331b,Free,0,Active,
211fcf40,8eae7580,Free,0,Active,
5944218f,5b9d839a,Pro,163,Active,23/01/2025
d5806f95,327d30da,Free,0,Active,
bdb115c7,8cdfc968,Free,0,Active,
e94d218b,d1998ec4,Free,0,Active,
27d65899,3fc56454,Pro,408.43,Active,04/02/2025
3d6dc437,21048283,Free,0,Active,
c3908ea4,324df46c,Free,0,Active,
11136436,88292fe6,Free,0,Active,
87d9fcc3,cfe8d907,Enterprise,1570.45,Active,01/02/2025
4daeac6d,d9cfa8a6,Free,0,Active,
4872ddc4,e2baa967,Free,0,Active,
976e3432,c862d3da,Free,0,Active,
c54d4cca,79f0eeb5,Free,0,Active,
3bbcccd4,5f59a246,Pro,913.99,Active,22/01/2025
6cc1ae7a,652a6ba3,Free,0,Active,
9cbfba53,ed788c8f,Pro,112.84,Active,10/01/2025
05e060f1,34268a48,Free,0,Active,
d4c1411b,10003c6f,Free,0,Active,
a71e86f9,a7e3492d,Free,0,Active,
72dca054,b7d2f345,Pro,211.29,Active,27/01/2025
58e5ebd2,95154a88,Free,0,Active,
43ea678f,0555f19a,Free,0,Active,
d6c038bf,4d296f93,Free,0,Active,
a7a7c6c9,818a3d55,Free,0,Active,
44ebd046,a10d2916,Pro,914.97,Active,04/01/2025
73ffcf5d,91d0b9e6,Free,0,Active,
f703ca77,69616ff2,Free,0,Active,
045685ae,cf105010,Pro,72.29,Active,15/01/2025
ef50876d,a08490e4,Free,0,Active,
b0839fe8,cd84364d,Free,0,Active,
646c44cc,dda63f50,Free,0,Active,
81e788a5,a5b66121,Pro,961.7,Active,05/02/2025
f932cd33,30c1d8e1,Pro,978.91,Active,03/01/2025
661ed3f6,4a238b38,Free,0,Active,
58b125d2,ac485c22,Pro,79.08,Active,02/02/2025
50ab3aa4,ba42d49a,Free,0,Active,
343a0ad3,ac6d5c4c,Free,0,Active,
09ca90e3,390ed57f,Free,0,Active,
c4b803ff,fca58fc8,Free,0,Active,
822d8278,5f300faf,Pro,519.87,Active,21/01/2025
439de4f8,4de3e9cd,Free,0,Active,
119f19a2,0ea892db,Free,0,Active,
09ca3baf,a89f72e1,Free,0,Active,
8d1b62af,ec323d83,Free,0,Active,
23f47b37,30dbc890,Free,0,Active,
80c53395,90882f42,Free,0,Active,
d2bf2020,5183aefa,Free,0,Active,
cb4998dc,4a8a7b0c,Free,0,Active,
f70aa146,d1c86758,Free,0,Active,
0d1f28c3,ac2758a7,Free,0,Active,
8b2e7a78,425d2229,Free,0,Active,
22827bcf,2166def0,Free,0,Active,
b7887952,955ee948,Free,0,Active,
4f93f450,a446a21d,Free,0,Active,
bae21c08,5d42afc5,Free,0,Active,
0bca3249,b64012d7,Free,0,Active,
8099aaca,01214cc7,Free,0,Active,
985ccdf7,232af3f4,Free,0,Active,
dd7c3e18,61d8f3dc,Free,0,Active,
def84ede,02b2beb3,Free,0,Active,
178447ae,7.86E+10,Free,0,Active,
8e33fdec,7c9f97bd,Pro,184.07,Active,07/01/2025
4eda2fb2,f3c4fc00,Free,0,Active,
92dfebd6,77ea6c1c,Pro,144.09,Active,07/02/2025
6bb96938,7287c425,Free,0,Active,
68e5a335,8fff0181,Free,0,Active,
57fd4a64,c425ef61,Pro,195.3,Active,11/01/2025
c2ee00e3,1ca719f8,Free,0,Active,
f87e0e75,239e6adb,Pro,885,Active,03/02/2025
927bd1e1,5b8ba452,Enterprise,3796.37,Active,21/01/2025
2589f2fa,306fa23d,Free,0,Active,
86b00267,e38e9d3e,Free,0,Active,
f7380b48,c66b07b5,Pro,29.02,Active,15/01/2025
74542c3c,9b1bf8a0,Free,0,Active,
7a950fef,41aecca4,Free,0,Active,
19d3f02d,3f7dae4a,Free,0,Active,
4bcc1dec,d7832fff,Pro,120.89,Active,05/02/2025
d78835dd,a24abb17,Free,0,Active,
b7b205a2,143f1f9a,Free,0,Active,
724ef94f,2ad9ad48,Free,0,Active,
2d01839a,0b2a6ba5,Free,0,Active,
9cf6a698,8c7ab0c3,Free,0,Active,
6e2a3bcb,0edb25eb,Free,0,Active,
cb9814dc,f2ee4b7e,Pro,237.15,Active,25/01/2025
f5e14efe,cfc8c632,Free,0,Active,
01c22345,d539d75f,Pro,877.88,Active,12/01/2025
b829f6c3,cedbc086,Free,0,Active,
37969342,5026f247,Free,0,Active,
d2727f3b,8b291ab3,Free,0,Active,
ee40c99a,f4d6c1b2,Free,0,Active,
7f916f4d,3c518f4c,Pro,327.23,Active,24/01/2025
ebc7769a,75db307d,Free,0,Active,
d3454112,8df2a3af,Free,0,Active,
b4886dba,dae3508f,Pro,921.94,Active,26/01/2025
11ddfafe,8f020ae3,Free,0,Active,
85650dec,c4d09b8d,Free,0,Active,
fcf24fc3,32f54e05,Free,0,Active,
1b0b0d57,e059630d,Free,0,Active,
295dc9b1,bc4e3af8,Free,0,Active,
500f3d27,3e1005b2,Free,0,Active,
3e63fa6e,d0a94e8e,Pro,562.2,Active,23/01/2025
b70b2d2f,583d0de3,Free,0,Active,
4b5ead26,7ede7540,Free,0,Active,
f014f5eb,db856fe2,Free,0,Active,
55c6a741,2a60eaf5,Pro,212.43,Active,16/01/2025
4277adac,7d27272e,Free,0,Active,
46ec133c,86ed9a36,Free,0,Active,
a789f91f,8644f7eb,Free,0,Active,
8f3be62a,32aef9df,Free,0,Active,
ce4d56ba,5cd0eacc,Free,0,Active,
fbdee039,9fd904c0,Free,0,Active,
322bb147,e5cb3111,Free,0,Active,
75d17b9e,63a6ddd9,Free,0,Active,
c0f2801e,97996f47,Free,0,Active,
a5020098,5b051158,Free,0,Active,
c6ea8c29,a22c42f0,Free,0,Active,
e48635af,aee5d0d6,Pro,201.37,Active,03/02/2025
3ff0516b,1ec5d776,Free,0,Active,
ba4acd7a,b2c23aff,Free,0,Active,
859c9d29,e9d32f74,Free,0,Active,
54d4b308,0baefb47,Free,0,Active,
0cd90deb,248d67e6,Free,0,Active,
d509e85d,75c4eccd,Pro,59.59,Active,04/02/2025
83b69185,067b8201,Pro,24.9,Active,24/01/2025
82dae748,a89da63f,Free,0,Active,
5e3d3c1b,0cc113c4,Free,0,Active,
bbda05be,5d8ec3dc,Free,0,Active,
6d842af5,a898e170,Free,0,Active,
fef5b96c,d2769d85,Free,0,Active,
6353e88d,b9ea71a9,Free,0,Active,
0a63cb6c,3b0dbe2d,Free,0,Active,
9f75ef9d,8fa7e016,Free,0,Active,
a76e8d90,723814ce,Free,0,Active,
0bf1ee80,ad0e8923,Free,0,Active,
d2410c20,9b2f6240,Free,0,Active,
0db7f583,6dd66a5d,Free,0,Active,
8e1280d7,e684edd9,Free,0,Active,
c7bc4dde,1cc689ea,Pro,220.08,Active,28/01/2025
d0c9f1a8,788f6807,Free,0,Active,
285f2f06,5b7aa835,Pro,148.12,Active,22/01/2025
d4cac700,7568a75c,Pro,1049.85,Active,14/01/2025
a101a9a8,3efc9616,Free,0,Active,
438c191f,f222fde6,Pro,1087.86,Active,28/01/2025
1562e796,a8850998,Pro,48.22,Active,31/01/2025
7f629318,8d4460c3,Pro,87.04,Active,20/01/2025
8e0fbd18,5e9e0c05,Free,0,Active,
84859ca5,ad55c641,Free,0,Active,
0c41faa6,60a2d2af,Pro,351.03,Active,16/01/2025
9afbe7d2,4b0cbf0c,Free,0,Active,
2d55d21d,38f511db,Free,0,Active,
d2fd2771,83ff30f5,Pro,51.38,Active,12/01/2025
8370e6d0,c4b12fe1,Enterprise,2767.1,Active,15/01/2025
204acdc7,8776dc16,Free,0,Active,
2d6d2127,b28685d9,Free,0,Active,
6d8f7b33,f3d0a149,Pro,55.27,Active,12/01/2025
ffb11633,53d8b963,Pro,119.6,Active,24/01/2025
54953880,75711b8b,Free,0,Active,
147eb90e,ca232cd7,Free,0,Active,
cd745ab0,496447be,Free,0,Active,
5349ff0c,832b7269,Pro,884.43,Active,07/01/2025
f942cf17,9e25e01d,Free,0,Active,
04e22990,6ce523ce,Free,0,Active,
07b7fe55,09fac1bc,Free,0,Active,
cd5e1cee,5325de2f,Free,0,Active,
9.54E+36,526ecbbf,Free,0,Active,
76da4f5b,0ad99e1b,Free,0,Active,
a157a96a,839d09a4,Pro,103.95,Active,28/01/2025
572316d7,a82f229b,Free,0,Active,
dc708664,c4fa969e,Free,0,Active,
2be8e646,27ea38f0,Free,0,Active,
9eeda797,cfae948c,Free,0,Active,
c02a6ad1,1a92b04e,Free,0,Active,
f42f3f0a,4da78915,Free,0,Active,
0d0e30b6,681cf96c,Free,0,Active,
62fd88a7,1e2de8fc,Free,0,Active,
164b1102,0d84b8aa,Free,0,Active,
e5d85587,6802d0b0,Free,0,Active,
2e026a90,9cfe6b15,Free,0,Active,
185a39c2,bbdc6227,Free,0,Active,
1f5b8b11,57e506ae,Free,0,Active,
d48ed80a,ccbac79b,Free,0,Active,
92fb6b41,12f93b9c,Free,0,Active,
6cd332f4,75c91995,Free,0,Active,
8e5aa730,c11a298c,Free,0,Active,
46d58a57,93d96923,Free,0,Active,
2e64aca3,1c3f26aa,Free,0,Active,
b1c7e377,13c54267,Free,0,Active,
5ab22f75,8e14f073,Pro,649.59,Active,22/01/2025
418920c8,6eab8523,Free,0,Active,
728b0305,b86f44c8,Free,0,Active,
e07607b2,be9dc7b8,Free,0,Active,
8294a383,3c69e6cb,Pro,137.49,Active,29/01/2025
5aa28ade,1886403d,Free,0,Active,
51f178a2,0b84bb24,Free,0,Active,
f0bcd574,47702047,Free,0,Active,
6b627b63,a61825a4,Free,0,Active,
ce4fb6c4,0d7af33f,Free,0,Active,
65a108d3,0212338a,Pro,520.32,Active,06/02/2025
7fb2b0b9,89ff2179,Pro,24.88,Active,12/01/2025
d25503e9,2b472454,Free,0,Active,
6e8824d7,654f01a6,Free,0,Active,
c4ffe60f,c558e669,Free,0,Active,
e5e9854d,058e6c7e,Free,0,Active,
ed3ccd6c,77c056b0,Enterprise,7039.04,Active,06/01/2025
88f4f08a,a4fa0b37,Free,0,Active,
7d4ede2c,2315dec4,Free,0,Active,
4a1abf8f,526af85e,Free,0,Active,
b129207e,c7692152,Free,0,Active,
f8b8ffa1,c0852dfd,Free,0,Active,
1b87c095,cdba0acc,Free,0,Active,
707eb97e,35ea758b,Free,0,Active,
08d18733,4408241c,Free,0,Active,
ea7046c0,8f2bca0f,Free,0,Active,
5c19b200,0e37fab3,Free,0,Active,
06401ba0,fe4e698a,Free,0,Active,
2304470e,9.04E+56,Free,0,Active,
a9d7dca0,1a635fda,Free,0,Active,
b9058cfc,305a35ca,Free,0,Active,
3068213d,b5785338,Free,0,Active,
0f9b81a0,b15bc988,Free,0,Active,
e85c28f6,16cbc6d5,Free,0,Active,
c69b5260,8c6d1533,Free,0,Active,
4.70E+23,a3b16b8d,Pro,113.82,Active,15/01/2025
31805315,271f5382,Free,0,Active,
64642781,4ffa1d3a,Free,0,Active,
bc00345b,4cbd96c4,Free,0,Active,
e636827c,2224d125,Pro,113.33,Active,20/01/2025
67c8c8c4,b307d9ba,Pro,1061.63,Active,13/01/2025
74b3bbce,675f3507,Free,0,Active,
9047a6d7,bdc07d12,Free,0,Active,
b9e6aad5,0bf2b3d9,Free,0,Active,
1b1e9a9a,ee785002,Free,0,Active,
4837f6e1,a2407750,Free,0,Active,
2d231e7b,e25f5001,Free,0,Active,
583bf3ff,85c4f058,Free,0,Active,
b614ec2d,82ca541d,Free,0,Active,
82301356,548da542,Pro,197.67,Active,17/01/2025
87dda2a7,f20fef6e,Pro,50.87,Active,06/01/2025
4afe21b0,5419ec12,Free,0,Active,
7a6433ab,4b14ce1c,Free,0,Active,
23d16c7a,dcb9375c,Free,0,Active,
430895d8,c2af7a3c,Free,0,Active,
c9ef02bb,0918a638,Free,0,Active,
df93f27d,798eaed9,Free,0,Active,
da39fbca,4bbb9cb6,Free,0,Active,
120b28b6,bf2ffaba,Free,0,Active,
762457fd,27db72af,Free,0,Active,
2f8a6c79,6e01dde7,Free,0,Active,
b3e32bb3,d752fdb2,Free,0,Active,
f6b941ae,cbbcbe58,Pro,51.13,Active,04/02/2025
adffa0f9,9f2b83f7,Free,0,Active,
0c9ef29d,d0a76c52,Free,0,Active,
f27f6199,14bea97b,Free,0,Active,
615d0fb2,35ea97b2,Free,0,Active,
ac8fab4e,62a8d89a,Free,0,Active,
1b85b79f,0cc34828,Free,0,Active,
51c78cfd,ff0d2952,Free,0,Active,
d7146ed3,2a930353,Free,0,Active,
28c6a89f,a5b55570,Free,0,Active,
c9d9dd2b,1fa65548,Free,0,Active,
0ce0e83f,dbb10d01,Pro,27.91,Active,28/01/2025
7.03E+86,f4739c9f,Free,0,Active,
24daa0c9,a19d89ba,Free,0,Active,
ab2169e8,80c5bbb7,Free,0,Active,
57f447a8,5b1ef6ee,Free,0,Active,
211e5dcf,5fe42b91,Free,0,Active,
f92e2920,954dd8f6,Pro,901.35,Active,26/01/2025
281519c6,81e5e4b9,Free,0,Active,
aed63f53,1e9c4858,Free,0,Active,
40d13e4f,506a01c8,Free,0,Active,
c5b32aad,7ecade98,Free,0,Active,
5b54e43b,4a9e0612,Free,0,Active,
2df6ea32,f597e99b,Pro,602.29,Active,26/01/2025
9e17a984,a73de9db,Free,0,Active,
0e54010c,dbae12ca,Free,0,Active,
71de5697,79863b0e,Free,0,Active,
d41e9076,13afd764,Pro,79.5,Active,17/01/2025
990c769a,0bc7d344,Pro,275.38,Active,21/01/2025
d5017f1a,37602992,Free,0,Active,
ac617e37,8f13a05b,Free,0,Active,
cfcbe4ef,a2184bcc,Free,0,Active,
4005b138,7e99aacf,Pro,190.31,Active,03/01/2025
a6bf01f8,a1b3cf3d,Pro,104.59,Active,27/01/2025
2cb75ebf,05f52ca1,Free,0,Active,
978ebc62,c1f971e3,Pro,639.05,Active,26/01/2025
a5184c9f,82c7b5ff,Pro,52.1,Active,09/01/2025
27c05209,cb7e9172,Free,0,Active,
e72ff58e,a9e7b2d5,Free,0,Active,
fc8d5236,b37892c3,Pro,584.33,Active,04/02/2025
3de7afc1,7bac21aa,Free,0,Active,
1e7c28a3,1b9a3f4a,Free,0,Active,
2f3b6e2d,1f4d0c3d,Free,0,Active,
4dcac522,e994bd39,Free,0,Active,
067fe30a,48e8a25a,Free,0,Active,
8613b2c8,0382c82b,Free,0,Active,
bb1c837e,83317559,Free,0,Active,
d9bb6a21,8298bdc6,Free,0,Active,
2f32149b,ffff5cca,Pro,118.79,Active,06/02/2025
10c330db,5c3d1218,Free,0,Active,
1299adc5,a13101b4,Pro,29.92,Active,06/02/2025
f81b6870,e156f53d,Free,0,Active,
fdc3ba13,407a84b8,Pro,238.74,Active,25/01/2025
3219618f,d5f40251,Free,0,Active,
55efb653,273c3a8b,Free,0,Active,
a11dab58,5595de47,Free,0,Active,
1c3f93bc,7146f6c2,Free,0,Active,
468f709d,42158e5f,Free,0,Active,
10e4979d,4d9d1c2f,Free,0,Active,
fa6b3a78,7a76c3dc,Free,0,Active,
88757029,7bd2aa9d,Free,0,Active,
a3c940c0,dc7d54ad,Free,0,Active,
4679248c,03b82134,Free,0,Active,
9909f879,c1815c57,Free,0,Active,
a66bb303,3b302e48,Free,0,Active,
df5444bc,128061ff,Pro,149.66,Active,24/01/2025
2c288af7,e27d6929,Free,0,Active,
bfbddfd3,b7d36479,Free,0,Active,
4d90fc47,5e3b0bb2,Pro,24.76,Active,09/01/2025
5cd234cf,46da3991,Enterprise,3264.29,Active,08/01/2025
1112cc90,035de61e,Free,0,Active,
45dde6b6,2cabc160,Free,0,Active,
ef8b08d4,c66e364d,Pro,76.96,Active,05/01/2025
d975330b,3305a7e3,Free,0,Active,
c12cdbca,1482d0dc,Free,0,Active,
7bb31e7b,b3e7e769,Free,0,Active,
d82a5244,cd999b87,Pro,260.91,Active,14/01/2025
f2d4e53e,f7289ccc,Free,0,Active,
65be0b45,5bd42a61,Free,0,Active,
16f05283,4e7c0a74,Free,0,Active,
39aab339,509678af,Free,0,Active,
3e99c227,93759b7e,Pro,250.52,Active,23/01/2025
a0da223a,7845fd89,Free,0,Active,
7536a6d5,2864b985,Pro,173.99,Active,07/01/2025
1e742285,510c3492,Free,0,Active,
eadee4d0,3914ce63,Pro,709.72,Active,26/01/2025
ebbc0813,da78b837,Free,0,Active,
44ce8229,5ad524f9,Free,0,Active,
67cc9f36,55a35289,Pro,236.44,Active,21/01/2025
ad466e75,c8964c83,Pro,81.44,Active,30/01/2025
b621db33,f54863ad,Free,0,Active,
43bf8ccb,6e593f3d,Free,0,Active,
edcda640,602e7484,Free,0,Active,
88dd4bab,02d34c97,Free,0,Active,
8788fa0f,7.75E+06,Free,0,Active,
45b013bc,1a7e9693,Pro,98.46,Active,15/01/2025
dd743288,b972d978,Free,0,Active,
bfb50899,0cf67126,Free,0,Active,
527432ea,daadd3a4,Free,0,Active,
b0ea05b6,005da67d,Pro,538.58,Active,20/01/2025
22c14de4,d65a85c4,Pro,181.11,Active,04/02/2025
be2ff1dc,542e66af,Free,0,Active,
bfd3cd14,a57126cf,Pro,108.07,Active,20/01/2025
b2897813,7554dd65,Pro,319.68,Active,18/01/2025
ada70e76,f798c1cf,Free,0,Active,
e9203c35,45b76826,Pro,200.21,Active,10/01/2025
9366564,3dcd07ed,Free,0,Active,
ec700688,d644ff2e,Free,0,Active,
792b7f4b,7e5cbbba,Free,0,Active,
01a95387,2b1d9849,Free,0,Active,
9bd5c7b7,4cd7fd17,Free,0,Active,
3d3766a8,56859946,Pro,206.08,Active,27/01/2025
708b71e0,08b23e18,Pro,27.63,Active,19/01/2025
52e7deb4,f8428558,Free,0,Active,
88efb901,ae97c26d,Pro,910.21,Active,26/01/2025
4db9e14e,498b0161,Free,0,Active,
7c69b64a,7b4a981f,Pro,320.56,Active,29/01/2025
f69e19d8,49842227,Free,0,Active,
047b325d,9f942966,Free,0,Active,
d5f9f28c,1ac9a964,Free,0,Active,
ebb8f09c,4262cc87,Free,0,Active,
3af47ee7,c5512e6d,Free,0,Active,
079c65f9,857f6a8f,Free,0,Active,
6d035cb8,207b3de0,Free,0,Active,
b7413b9c,a237b61e,Free,0,Active,
da36d4dd,313e409e,Free,0,Active,
087ff3cd,901e1daa,Free,0,Active,
c1a4ecc8,98ef0289,Free,0,Active,
4eb9adb3,fd5675a7,Pro,202.8,Active,02/01/2025
61dc8e77,0248a762,Free,0,Active,
8454d1dc,810eff6d,Pro,231.68,Active,17/01/2025
8f81821d,f040ae21,Pro,99.91,Active,23/01/2025
7c3c560c,c7eeb112,Pro,826.56,Active,20/01/2025
0d6b35d6,1b5a893d,Free,0,Active,
8bb1ab91,0b7f2636,Free,0,Active,
342d7f5b,ad63fb12,Free,0,Active,
d38ad6f6,7016759d,Free,0,Active,
769be88b,213f574e,Free,0,Active,
c9189caf,7f720ecb,Free,0,Active,
55578c1c,e5753f4b,Pro,218.36,Active,29/01/2025
9b29135c,156e92c4,Free,0,Active,
43a50c01,3d26b8f2,Free,0,Active,
61440b43,f76341ad,Free,0,Active,
0e66a813,ef2133a0,Pro,99.17,Active,03/02/2025
e774b4d5,22ec1002,Enterprise,617.48,Active,08/01/2025
ffdaa0fe,eed9487a,Free,0,Active,
389cce97,66fcb8d7,Free,0,Active,
2077f043,4411ded7,Pro,116.25,Active,14/01/2025
0d73d2d6,e37c664e,Pro,50.44,Active,10/01/2025
fc64e7ed,cd7a97ed,Free,0,Active,
63f05be1,3301f947,Pro,29.42,Active,30/01/2025
f3568a91,01c4b25a,Free,0,Active,
40798699,7c2a8b1d,Free,0,Active,
94795600,ef3d112e,Free,0,Active,
d8bd1bf8,22bb7cad,Free,0,Active,
cdc08002,1cc0c16c,Free,0,Active,
e84e5756,292f23f3,Free,0,Active,
5768d8cf,58d32ef5,Free,0,Active,
ef22416c,e1de1c06,Free,0,Active,
2d32eacf,bedad7ca,Free,0,Active,
12eab7f0,804d9433,Free,0,Active,
9341e50e,8d21e41d,Enterprise,2589.35,Active,21/01/2025
9bfa5d54,88b045d8,Free,0,Active,
e917908d,bff19248,Enterprise,5404.76,Active,24/01/2025
6fb07b83,6fe51db9,Free,0,Active,
41030e9c,7.74E+10,Free,0,Active,
2e0e8391,0d12c269,Free,0,Active,
1db0774d,19e4a05a,Free,0,Active,
6251914,5d7bfac3,Free,0,Active,
a3952a3d,6a38ac13,Free,0,Active,
3cb5b66d,4632861f,Pro,258.62,Active,03/01/2025
a9df6ca8,5bb5fa60,Pro,173.42,Active,02/02/2025
44982362,c513535f,Free,0,Active,
815e99ea,75d41b99,Free,0,Active,
321fbafa,eef4e7b0,Pro,104.69,Active,17/01/2025
72e73db8,1a1d9b2f,Free,0,Active,
12f2054c,5d38f2ea,Free,0,Active,
3e403df5,0169cf3c,Free,0,Active,
faebce4c,ce4c53c5,Free,0,Active,
4d3e4a0e,7a4cc38a,Free,0,Active,
6df4d327,41a6d832,Free,0,Active,
a66bd9cc,9813dd49,Free,0,Active,
83db0e73,20e3837f,Free,0,Active,
c89abea7,58135db3,Pro,29.74,Active,24/01/2025
00741a1a,693b3833,Free,0,Active,
cdae34b2,59bc9b62,Free,0,Active,
66523b15,4c5f1ebd,Free,0,Active,
fdbb84c4,f71374d3,Free,0,Active,
1722de79,c041e937,Free,0,Active,
ebe85a56,1f9c9d8f,Free,0,Active,
d9a46f12,83e3ccf5,Free,0,Active,
0096fccf,c30e2264,Free,0,Active,
1442c911,fff813cf,Free,0,Active,
6e14e963,0a9a6d67,Pro,223.96,Active,15/01/2025
3d28eb5f,d3f2cda6,Free,0,Active,
676d56bd,8b50a13a,Pro,243.13,Active,10/01/2025
1f432150,667541f9,Free,0,Active,
879b188d,357acc69,Pro,176.91,Active,15/01/2025
aec3fcb7,383ebf19,Pro,464.15,Active,11/01/2025
62b53f52,7063eaaa,Free,0,Active,
bbecbf1c,f3057820,Free,0,Active,
2cce1102,d3768db0,Free,0,Active,
f7c67927,0e0477dd,Pro,1019.29,Active,25/01/2025
7258f3ad,fbb7d9db,Free,0,Active,
d98cacf0,54662992,Pro,131.87,Active,22/01/2025
3c492e00,d9cb8e60,Pro,53.55,Active,05/01/2025
ff250e8e,29845b38,Pro,29.1,Active,10/01/2025
d6fac4e8,b9835a9f,Free,0,Active,
9b405851,325e576f,Free,0,Active,
2c919e1a,f697cfc8,Free,0,Active,
e718cb61,041a6000,Free,0,Active,
f2bfcd43,b4049654,Free,0,Active,
0c809276,18761066,Free,0,Active,
9c1746ab,ca04b69d,Free,0,Active,
43a795d7,f8d29f71,Free,0,Active,
5ddc6206,6edc6e90,Pro,78.52,Active,17/01/2025
aacc9d3b,dd2155a1,Pro,758.81,Active,28/01/2025
e2b94316,f69956bf,Free,0,Active,
2e2fd36e,2c7bccd8,Free,0,Active,
12c923b0,60793b03,Free,0,Active,
c93dac18,fb4a9275,Enterprise,1940.39,Active,27/01/2025
4848e621,22ade2a0,Pro,228.53,Active,27/01/2025
2198177f,f7bba0b0,Free,0,Active,
becaed6b,bb74ff72,Pro,82.92,Active,14/01/2025
e23604e5,c4a956da,Free,0,Active,
643a1485,96c18fa0,Free,0,Active,
b8265b03,9f88f9a3,Free,0,Active,
81a06fe1,78ee7bc9,Free,0,Active,
fdab3b9d,c8c27157,Pro,186.84,Active,08/01/2025
bed1c9a2,0e568fa1,Pro,243.2,Active,13/01/2025
ac059d4d,4eeac9bc,Free,0,Active,
6b8c97f7,14173c17,Free,0,Active,
72e4839d,f4e31d4f,Free,0,Active,
b19c40cb,24e1c064,Free,0,Active,
98ec639e,61bdc1bb,Pro,154.06,Active,18/01/2025
e8540206,ff1c8fac,Free,0,Active,
6a74e63f,fdf75ca2,Pro,485.79,Active,31/01/2025
c49322a1,dbd1edfd,Free,0,Active,
9c07809f,196e140b,Free,0,Active,
d0544f8d,e7be5aa5,Free,0,Active,
47fb519a,e8a246c7,Pro,236.33,Active,26/01/2025
e3e39062,eb996079,Pro,761.61,Active,09/01/2025
cd6cff60,50093b7c,Free,0,Active,
7379d90c,d7fa6fe9,Free,0,Active,
51c8812c,cd1de4f1,Free,0,Active,
e1240c10,5ff54786,Pro,58.47,Active,10/01/2025
62d787f0,bd752b78,Free,0,Active,
3edb8600,bd340a0c,Free,0,Active,
dc3020e5,a25253a2,Free,0,Active,
62ea298b,6b9d9872,Free,0,Active,
9460fbd3,cdb0744a,Free,0,Active,
f688d130,ccba0909,Pro,543.83,Active,14/01/2025
773c958a,e671e907,Free,0,Active,
3215404f,fa44f6f7,Free,0,Active,
b0d9fbfd,5ffa3f77,Free,0,Active,
04fcbad1,e5047afa,Free,0,Active,
f4feff85,98247aa9,Free,0,Active,
a20baac9,61daa17b,Free,0,Active,
6e63a7fa,bbc92505,Free,0,Active,
f9b7aaa9,b80d5658,Free,0,Active,
f5724de3,a0880af2,Free,0,Active,
e6746e4e,496a193d,Free,0,Active,
ed8ed8c0,71dd17c0,Free,0,Active,
df961c1a,41f9e8ea,Pro,187.71,Active,26/01/2025
94b35cb5,a436f073,Free,0,Active,
5021c830,11cacc5b,Free,0,Active,
268eef93,dc2fae0b,Free,0,Active,
f088e71d,495de242,Pro,25.99,Active,17/01/2025
a19e8af6,abed626f,Free,0,Active,
33d81906,4be80446,Free,0,Active,
135ecb65,9be2aaad,Free,0,Active,
6826c754,0f4f497b,Free,0,Active,
3c593c61,eb9ab95d,Pro,237.04,Active,08/01/2025
c0def333,e934809b,Free,0,Active,
8a21b2b0,91c9eb54,Free,0,Active,
072d8fd9,50c5e8c7,Free,0,Active,
d9197878,6.02E+14,Free,0,Active,
d2416c5f,a25332a9,Free,0,Active,
0b2b2835,cf1041bd,Free,0,Active,
e069ff8c,3db95489,Free,0,Active,
6d725177,92201f9f,Pro,772.11,Active,06/02/2025
a548f38d,46f9bb8c,Free,0,Active,
2519f2a7,88f2a740,Free,0,Active,
d45efbf7,e3a5055e,Pro,265.61,Active,30/01/2025
4ebd022d,ce0557ea,Free,0,Active,
eadb67e6,2f34ca47,Free,0,Active,
68728563,06acb071,Free,0,Active,
96483aa9,94804273,Pro,263.99,Active,09/01/2025
4cf63ac2,6ad899e6,Free,0,Active,
a6bd8be0,b25d700d,Free,0,Active,
042802ef,f3b3b16b,Free,0,Active,
0aed888f,105e787f,Pro,152.99,Active,14/01/2025
07a1f3a5,5ef95824,Free,0,Active,
a8bf8eb5,ff15c6fc,Pro,108.78,Active,11/01/2025
3.64E+04,5d28879f,Free,0,Active,
bec88b8a,62da1522,Free,0,Active,
1930d1a8,81734d5a,Free,0,Active,
d035ef68,f379b379,Free,0,Active,
35b72fc8,6a884e15,Free,0,Active,
0f45be13,b99689f3,Free,0,Active,
8d572f2e,1096c09c,Pro,923.69,Active,06/01/2025
957aeceb,b440aeec,Pro,117.82,Active,04/02/2025
d0e7c722,3e38492e,Free,0,Active,
9e7bf66a,b5fc78f8,Free,0,Active,
cc98cfaf,c6c41d8a,Free,0,Active,
b7884ec6,d1627d45,Free,0,Active,
54240462,97388b42,Free,0,Active,
81008d2f,f66028de,Free,0,Active,
bd2ac084,78a9f3e8,Free,0,Active,
9f36aa94,5ccb4ca8,Free,0,Active,
8c4ae00b,4439aace,Free,0,Active,
dc0e55cf,d0e0f5a9,Free,0,Active,
ed64af5b,14ff908e,Pro,289.89,Active,06/01/2025
0fc03a49,650d5aa6,Pro,605.61,Active,29/01/2025
196aa898,c53f89c7,Free,0,Active,
2986359b,84c9bce2,Pro,927.17,Active,23/01/2025
db9f613b,e9ccc1e8,Free,0,Active,
cbd20639,60e639ae,Free,0,Active,
ab5f1bc9,358dbc0a,Free,0,Active,
83b463f5,2ec04ca7,Pro,162.31,Active,19/01/2025
e550cff4,d7d3d761,Free,0,Active,
10551c1d,0027aa4d,Pro,650.36,Active,07/01/2025
c65b7487,7c648288,Free,0,Active,
896d0512,ee9c97eb,Free,0,Active,
4677baa4,0913e985,Free,0,Active,
89603fd6,56c454e7,Free,0,Active,
7d608637,049a8e69,Free,0,Active,
9db3b3bf,c8a065d6,Pro,210.9,Active,10/01/2025
a23ec6b2,8fde7b5c,Free,0,Active,
30f3fae7,06e32ef3,Free,0,Active,
5c5c4351,42535602,Free,0,Active,
3e43738d,56b888cb,Free,0,Active,
8a91d7d4,6c3b70d7,Free,0,Active,
314e6a2b,00dbde8e,Free,0,Active,
8e057969,bbea46d6,Pro,200.31,Active,10/01/2025
cb813c10,a0c191bc,Free,0,Active,
3a8600da,709bd7c7,Free,0,Active,
10582f8e,36164c29,Free,0,Active,
9fb567f1,7b9207f0,Free,0,Active,
30cdc659,0b393206,Free,0,Active,
e1aed69d,4aa1bc89,Free,0,Active,
f217146e,2b4d8fce,Pro,867.47,Active,26/01/2025
f9ff32b9,16ecba33,Free,0,Active,
911d20ea,4b951802,Free,0,Active,
2fdd8431,3b2b9ee2,Free,0,Active,
cdd40a72,b3a542ec,Pro,1019.19,Active,18/01/2025
06389fd3,a8cc3718,Free,0,Active,
eef2e394,fc5e4be4,Pro,140.69,Active,31/01/2025
12e13f6e,93ee3f76,Free,0,Active,
a091c0a0,d18cfc80,Free,0,Active,
f03ba95c,bf4edc5a,Free,0,Active,
2f5854f0,fb56837c,Free,0,Active,
7bc59a4b,07ff48e5,Free,0,Active,
14db3a5e,f2bfbbcd,Free,0,Active,
8f7f2bab,fc7b5e33,Pro,103.54,Active,24/01/2025
a1366564,4a6f8c2b,Free,0,Active,
aba5175e,dbe1ed0d,Pro,49.7,Active,14/01/2025
dbb39cda,2af34ae9,Free,0,Active,
9a84229b,a0639566,Free,0,Active,
2bc5e303,681bac14,Free,0,Active,
c516fbdd,274b3913,Free,0,Active,
e1b05330,ed411a30,Free,0,Active,
3d937a0b,1.81E+60,Free,0,Active,
7fa882a5,261a6d61,Free,0,Active,
c64d903f,ac341e11,Free,0,Active,
7645b8c3,54b69362,Free,0,Active,
6ee94988,bf33f5a8,Free,0,Active,
159aaaef,01b78084,Free,0,Active,
3230b4da,f0a2a449,Free,0,Active,
e91d2ae0,c08fe696,Free,0,Active,
2485e0f2,c1b35ff9,Free,0,Active,
1f3cc3f6,41b77c7a,Free,0,Active,
4b85ca20,08231aad,Free,0,Active,
ad440695,db3cc864,Free,0,Active,
cd840f39,5b4b0c30,Free,0,Active,
ae57c094,48e8b793,Free,0,Active,
0d27fb09,cdcea2a6,Free,0,Active,
86772b4f,59ce3a7b,Free,0,Active,
5d3b8ccd,9e183efd,Free,0,Active,
a0385b2d,930ab07d,Pro,305.98,Active,22/01/2025
e2a18b3c,630a62e2,Free,0,Active,
8e1ebaa7,f64a1eb8,Pro,24.76,Active,25/01/2025
a97cff66,686012c6,Free,0,Active,
64278b72,40fb5bf4,Free,0,Active,
46fd1415,4a00f038,Free,0,Active,
5993c510,cca9684a,Free,0,Active,
b48c4615,bb627f6d,Free,0,Active,
4b14d287,d98e21ff,Free,0,Active,
757e0595,da79b6aa,Pro,240.2,Active,06/01/2025
cd3f1ec0,9d553ef4,Free,0,Active,
8ca1b359,246016f9,Free,0,Active,
cd841f5a,b00afdae,Pro,72.32,Active,16/01/2025
698238b0,3e274a28,Free,0,Active,
0ec5ca3c,1b760097,Free,0,Active,
fe82ac35,87067fbd,Pro,207.5,Active,30/01/2025
e018ed4f,0e10e601,Free,0,Active,
06bcfb53,1a7d8a5d,Pro,747.77,Active,16/01/2025
9a04b264,9f0687cc,Free,0,Active,
495d0b2c,413cd617,Free,0,Active,
9c0de672,dd2e3123,Free,0,Active,
656b931f,5f3b6979,Free,0,Active,
59e636eb,51d17687,Pro,201.06,Active,29/01/2025
7e2fe0ba,8f5c5cdd,Free,0,Active,
e426c8e4,c58e7d8a,Free,0,Active,
7f7584cd,6e09a33c,Pro,197.41,Active,25/01/2025
5e41027d,4154c641,Free,0,Active,
a9be6b08,4a11d909,Free,0,Active,
f51ce8c1,732af968,Free,0,Active,
8a561989,884b724f,Free,0,Active,
ad092ca8,57291b46,Enterprise,2320.95,Active,12/01/2025
e6a64c25,e3f8ac4f,Pro,172.36,Active,01/02/2025
983a514c,27fa2ccc,Free,0,Active,
91c4bbe7,bb2de8f5,Free,0,Active,
937ffdf4,c81a5f05,Pro,849.37,Active,30/01/2025
298a940d,d6eb40c2,Free,0,Active,
23393bb7,548a0ab2,Free,0,Active,
